{
  "anim_reacttoblock_lifteffortplacelow_01": [
    {
      "durationTime_ms": 132,
      "triggerTime_ms": 0,
      "Name": "LiftHeightKeyFrame",
      "heightVariability_mm": 0,
      "height_mm": 0
    },
    {
      "angleVariability_deg": 0,
      "angle_deg": 0,
      "triggerTime_ms": 0,
      "Name": "HeadAngleKeyFrame",
      "durationTime_ms": 132
    },
    {
      "Name": "ProceduralFaceKeyFrame",
      "faceScaleY": 1.0,
      "scanlineOpacity": 1.0,
      "faceScaleX": 1.0,
      "leftEye": [
        8.107326060759803,
        0.0,
        1.5174507300664741,
        1.1453089027930028,
        0.0,
        0.6,
        0.6,
        0.6,
        0.6,
        0.6,
        0.6,
        0.6,
        0.6,
        0.0,
        0.0,
        0.0,
        0.0,
        0.0,
        0.0,
        1,
        1.0,
        0.0,
        0.0,
        0.0,
        0
      ],
      "faceAngle": 0.0,
      "durationTime_ms": 0,
      "faceCenterY": 0.0,
      "faceCenterX": 0.0,
      "rightEye": [
        -7.315991464547729,
        0.0,
        1.5174507300664741,
        1.144941064931666,
        0.0,
        0.6,
        0.6,
        0.6,
        0.6,
        0.6,
        0.6,
        0.6,
        0.6,
        0.0,
        0.0,
        0.0,
        0.0,
        0.0,
        0.0,
        1,
        1.0,
        0.0,
        0.0,
        0.0,
        0
      ],
      "triggerTime_ms": 0
    },
    {
      "Name": "ProceduralFaceKeyFrame",
      "faceScaleY": 0.9071225241387418,
      "scanlineOpacity": 1.0,
      "faceScaleX": 0.938403291747857,
      "leftEye": [
        8.107326060759803,
        0.0,
        1.5174507300664741,
        1.1453089027930028,
        0.0,
        0.6,
        0.6,
        0.6,
        0.6,
        0.6,
        0.6,
        0.6,
        0.6,
        0.0,
        0.0,
        0.0,
        0.0,
        0.0,
        0.0,
        1,
        1.0,
        0.0,
        0.0,
        0.0,
        0
      ],
      "faceAngle": 0.0,
      "durationTime_ms": 0,
      "faceCenterY": 6.426040577327569,
      "faceCenterX": 0.0,
      "rightEye": [
        -7.315991464547729,
        0.0,
        1.5174507300664741,
        1.144941064931666,
        0.0,
        0.6,
        0.6,
        0.6,
        0.6,
        0.6,
        0.6,
        0.6,
        0.6,
        0.0,
        0.0,
        0.0,
        0.0,
        0.0,
        0.0,
        1,
        1.0,
        0.0,
        0.0,
        0.0,
        0
      ],
      "triggerTime_ms": 33
    },
    {
      "Name": "ProceduralFaceKeyFrame",
      "faceScaleY": 1.0703418774277291,
      "scanlineOpacity": 1.0,
      "faceScaleX": 0.9937140668533359,
      "leftEye": [
        8.107326060759803,
        0.0,
        1.5174507300664741,
        1.1453089027930028,
        0.0,
        0.7037306341911147,
        0.7037306341911147,
        0.6,
        0.6,
        0.970720678618622,
        0.7452624188798376,
        0.7037306341911147,
        0.7037306341911147,
        0.0,
        0.0,
        0.0,
        0.0,
        0.0,
        0.0,
        1,
        1.0,
        0.0,
        0.0,
        0.0,
        0
      ],
      "faceAngle": 0.0,
      "durationTime_ms": 0,
      "faceCenterY": -10.386194635359402,
      "faceCenterX": 0.0,
      "rightEye": [
        -7.315991464547729,
        0.0,
        1.5174507300664741,
        1.144941064931666,
        0.0,
        0.7037306341911147,
        0.7037306341911147,
        0.6,
        0.6,
        0.970720678618622,
        0.7452624188798376,
        0.7037306341911147,
        0.7037306341911147,
        0.0,
        0.0,
        0.0,
        0.0,
        0.0,
        0.0,
        1,
        1.0,
        0.0,
        0.0,
        0.0,
        0
      ],
      "triggerTime_ms": 132
    },
    {
      "Name": "ProceduralFaceKeyFrame",
      "faceScaleY": 1.1120746276541222,
      "scanlineOpacity": 1.0,
      "faceScaleX": 1.0126745810793736,
      "leftEye": [
        8.107326060759803,
        0.0,
        1.5174507300664741,
        1.1453089027930028,
        0.0,
        0.7271451682796453,
        0.7271451682796453,
        0.6,
        0.6,
        1.0251250372360912,
        0.773497592339537,
        0.7271451682796453,
        0.7271451682796453,
        0.0,
        0.0,
        0.0,
        0.0,
        0.0,
        0.0,
        1,
        1.0,
        0.0,
        0.0,
        0.0,
        0
      ],
      "faceAngle": 0.0,
      "durationTime_ms": 0,
      "faceCenterY": -14.153301290581275,
      "faceCenterX": 0.0,
      "rightEye": [
        -7.315991464547729,
        0.0,
        1.5174507300664741,
        1.144941064931666,
        0.0,
        0.7271451682796453,
        0.7271451682796453,
        0.6,
        0.6,
        1.0251250372360912,
        0.773497592339537,
        0.7271451682796453,
        0.7271451682796453,
        0.0,
        0.0,
        0.0,
        0.0,
        0.0,
        0.0,
        1,
        1.0,
        0.0,
        0.0,
        0.0,
        0
      ],
      "triggerTime_ms": 330
    },
    {
      "Name": "ProceduralFaceKeyFrame",
      "faceScaleY": 0.21560093500287442,
      "scanlineOpacity": 1.0,
      "faceScaleX": 1.4158260023936777,
      "leftEye": [
        8.107326060759803,
        0.0,
        1.7064835216868623,
        1.1453089027930028,
        0.0,
        0.15202318881355892,
        0.15202318881355892,
        0.09365346962702881,
        0.09365346962702881,
        0.2292772289133781,
        0.16404048394019755,
        0.15202318881355892,
        0.15202318881355892,
        0.0,
        0.0,
        0.0,
        0.0,
        0.0,
        0.0,
        1,
        1.0,
        0.0,
        0.0,
        0.0,
        0
      ],
      "faceAngle": 0.0,
      "durationTime_ms": 0,
      "faceCenterY": 9.078729171808504,
      "faceCenterX": 0.0,
      "rightEye": [
        -7.315991464547729,
        0.0,
        1.7064835216868623,
        1.144941064931666,
        0.0,
        0.15202318881355892,
        0.15202318881355892,
        0.09365346962702881,
        0.09365346962702881,
        0.2292772289133781,
        0.16404048394019755,
        0.15202318881355892,
        0.15202318881355892,
        0.0,
        0.0,
        0.0,
        0.0,
        0.0,
        0.0,
        1,
        1.0,
        0.0,
        0.0,
        0.0,
        0
      ],
      "triggerTime_ms": 396
    },
    {
      "Name": "ProceduralFaceKeyFrame",
      "faceScaleY": 0.07466529769405453,
      "scanlineOpacity": 1.0,
      "faceScaleX": 1.818399396463,
      "leftEye": [
        8.107326060759803,
        0.0,
        1.9293853062063104,
        1.1453089027930028,
        0.0,
        0.01,
        0.01,
        0.01,
        0.01,
        0.01,
        0.01,
        0.01,
        0.01,
        0.0,
        0.0,
        0.0,
        0.0,
        0.0,
        0.0,
        1,
        1.0,
        0.0,
        0.0,
        0.0,
        0
      ],
      "faceAngle": 0.0,
      "durationTime_ms": 0,
      "faceCenterY": 16.21535632548742,
      "faceCenterX": 0.0,
      "rightEye": [
        -7.315991464547729,
        0.0,
        1.9293853062063104,
        1.144941064931666,
        0.0,
        0.01,
        0.01,
        0.01,
        0.01,
        0.01,
        0.01,
        0.01,
        0.01,
        0.0,
        0.0,
        0.0,
        0.0,
        0.0,
        0.0,
        1,
        1.0,
        0.0,
        0.0,
        0.0,
        0
      ],
      "triggerTime_ms": 429
    },
    {
      "Name": "ProceduralFaceKeyFrame",
      "faceScaleY": 0.07466529769405453,
      "scanlineOpacity": 1.0,
      "faceScaleX": 1.818399396463,