{
  "anim_reacttoblock_lifteffortroll_01": [
    {
      "durationTime_ms": 33,
      "triggerTime_ms": 33,
      "Name": "LiftHeightKeyFrame",
      "heightVariability_mm": 0,
      "height_mm": 0
    },
    {
      "angleVariability_deg": 0,
      "angle_deg": 0,
      "triggerTime_ms": 33,
      "Name": "HeadAngleKeyFrame",
      "durationTime_ms": 33
    },
    {
      "Name": "ProceduralFaceKeyFrame",
      "faceScaleY": 1.0,
      "scanlineOpacity": 1.0,
      "faceScaleX": 1.0,
      "leftEye": [
        8.107326060759803,
        0.0,
        1.5174507300664741,
        1.1453089027930028,
        0.0,
        0.6,
        0.6,
        0.6,
        0.6,
        0.6,
        0.6,
        0.6,
        0.6,
        0.0,
        0.0,
        0.0,
        0.0,
        0.0,
        0.0,
        1,
        1.0,
        0.0,
        0.0,
        0.0,
        0
      ],
      "faceAngle": 0.0,
      "durationTime_ms": 0,
      "faceCenterY": 0.0,
      "faceCenterX": 0.0,
      "rightEye": [
        -7.315991464547729,
        0.0,
        1.5174507300664741,
        1.144941064931666,
        0.0,
        0.6,
        0.6,
        0.6,
        0.6,
        0.6,
        0.6,
        0.6,
        0.6,
        0.0,
        0.0,
        0.0,
        0.0,
        0.0,
        0.0,
        1,
        1.0,
        0.0,
        0.0,
        0.0,
        0
      ],
      "triggerTime_ms": 0
    },
    {
      "Name": "ProceduralFaceKeyFrame",
      "faceScaleY": 1.0833329961097722,
      "scanlineOpacity": 1.0,
      "faceScaleX": 1.0408342955054677,
      "leftEye": [
        8.107326060759803,
        0.0,
        1.5174507300664741,
        1.1453089027930028,
        0.0,
        0.6,
        0.6,
        0.6,
        0.6,
        0.6,
        0.6,
        0.6,
        0.6,
        0.0,
        0.0,
        0.0,
        0.0,
        0.0,
        0.0,
        1,
        1.0,
        0.0,
        0.0,
        0.0,
        0
      ],
      "faceAngle": 0.0,
      "durationTime_ms": 0,
      "faceCenterY": -2.084998001809525,
      "faceCenterX": 0.0,
      "rightEye": [
        -7.315991464547729,
        0.0,
        1.5174507300664741,
        1.144941064931666,
        0.0,
        0.6,
        0.6,
        0.6,
        0.6,
        0.6,
        0.6,
        0.6,
        0.6,
        0.0,
        0.0,
        0.0,
        0.0,
        0.0,
        0.0,
        1,
        1.0,
        0.0,
        0.0,
        0.0,
        0
      ],
      "triggerTime_ms": 33
    },
    {
      "Name": "ProceduralFaceKeyFrame",
      "faceScaleY": 1.061728145266498,
      "scanlineOpacity": 1.0,
      "faceScaleX": 0.9066822613208431,
      "leftEye": [
        8.107326060759803,
        0.0,
        1.5174507300664741,
        1.1453089027930028,
        0.0,
        0.6,
        0.6,
        0.7108522881684244,
        0.7108522881684244,
        0.7108522881684244,
        0.7108522881684244,
        0.6,
        0.6,
        0.022660967237535634,
        0.0,
        0.0,
        0.0,
        0.0,
        0.0,
        1,
        1.0,
        0.0,
        0.0,
        0.0,
        0
      ],
      "faceAngle": 0.0,
      "durationTime_ms": 0,
      "faceCenterY": -0.14417277312530227,
      "faceCenterX": 0.0,
      "rightEye": [
        -7.315991464547729,
        0.0,
        1.5174507300664741,
        1.144941064931666,
        0.0,
        0.6,
        0.6,
        0.7108522881684244,
        0.7108522881684244,
        0.7108522881684244,
        0.7108522881684244,
        0.6,
        0.6,
        0.0245545834621832,
        0.0,
        0.0,
        0.0,
        0.0,
        0.0,
        1,
        1.0,
        0.0,
        0.0,
        0.0,
        0
      ],
      "triggerTime_ms": 66
    },
    {
      "Name": "ProceduralFaceKeyFrame",
      "faceScaleY": 1.0,
      "scanlineOpacity": 1.0,
      "faceScaleX": 1.0,
      "leftEye": [
        8.107326060759803,
        0.0,
        1.5174507300664741,
        1.1453089027930028,
        0.0,
        0.6,
        0.6,
        1.0275731115067799,
        1.0275731115067799,
        1.0275731115067799,
        1.0275731115067799,
        0.6,
        0.6,
        0.10701545972999571,
        0.0,
        0.0,
        0.38049941237331797,
        4.583662361046587,
        0.0,
        1,
        1.0,
        0.0,
        0.0,
        0.0,
        0
      ],
      "faceAngle": 0.0,
      "durationTime_ms": 0,
      "faceCenterY": 26.99681629704852,
      "faceCenterX": 0.0,
      "rightEye": [
        -7.315991464547729,
        0.0,
        1.5174507300664741,
        1.144941064931666,
        0.0,
        0.6,
        0.6,
        1.0275731115067799,
        1.0275731115067799,
        1.0275731115067799,
        1.0275731115067799,
        0.6,
        0.6,
        0.11564325019460653,
        0.0,
        0.0,
        0.38049941237331797,
        4.583662361046587,
        0.0,
        1,
        1.0,
        0.0,
        0.0,
        0.0,
        0
      ],
      "triggerTime_ms": 132
    },
    {
      "Name": "ProceduralFaceKeyFrame",
      "faceScaleY": 1.0,
      "scanlineOpacity": 1.0,
      "faceScaleX": 1.0,
      "leftEye": [
        7.492777690695064,
        0.0,
        1.5833728594579828,
        1.1453089027930028,
        0.0,
        0.6,
        0.6,
        1.0275731115067799,
        1.0275731115067799,
        1.0275731115067799,
        1.0275731115067799,
        0.6,
        0.6,
        0.13726210329118804,
        0.0,
        0.0,
        0.42229611013106416,
        5.92312047987313,
        0.0,
        1,
        1.0,
        0.0,
        0.0,
        0.0,
        0
      ],
      "faceAngle": 0.0,
      "durationTime_ms": 0,
      "faceCenterY": 32.34669926000312,
      "faceCenterX": 0.0,
      "rightEye": [
        -6.665901347304633,
        0.0,
        1.5833728594579828,
        1.144941064931666,
        0.0,
        0.6,
        0.6,
        1.0275731115067799,
        1.0275731115067799,
        1.0275731115067799,
        1.0275731115067799,
        0.6,
        0.6,
        0.14652899071117043,
        0.0,
        0.0,
        0.42229611013106416,
        5.92312047987313,
        0.0,
        1,
        1.0,
        0.0,
        0.0,
        0.0,
        0
      ],
      "triggerTime_ms": 231
    },
    {
      "Name": "ProceduralFaceKeyFrame",
      "faceScaleY": 1.0,
      "scanlineOpacity": 1.0,
      "faceScaleX": 1.0,
      "leftEye": [
        7.492777690695064,
        0.0,
        1.5833728594579828,
        1.1453089027930028,
        0.0,
        0.6,
        0.6,
        1.0275731115067799,
        1.0275731115067799,
        1.0275731115067799,
        1.0275731115067799,
        0.6,
        0.6,
        0.13726210329118804,
        0.0,
        0.0,
        0.42229611013106416,
        5.92312047987313,
        0.0,
        1,
        1.0,
        0.0,
        0.0,
        0.0,
        0
      ],
      "faceAngle": 0.0,
      "durationTime_ms": 0,
      "faceCenterY": 33.11097451654667,
      "faceCenterX": 0.0,
      "rightEye": [
        -6.665901347304633,
        0.0,
        1.5833728594579828,
        1.144941064931666,
        0.0,
        0.6,
        0.6,
        1.0275731115067799,
        1.0275731115067799,
        1.0275731115067799,
        1.0275731115067799,
        0.6,
        0.6,
        0.14652899071117043,
        0.0,
        0.0,
        0.42229611013106416,
        5.92312047987313,
        0.0,
        1,
        1.0,
        0.0,
        0.0,
        0.0,
        0
      ],
      "triggerTime_ms": 363
    },
    {
      "Name": "ProceduralFaceKeyFrame",
      "faceScaleY": 1.0,
      "scanlineOpacity": 1.0,
      "faceScaleX": 1.0,