{
  "anim_inspectheldcube_loop_01": [
    {
      "Name": "ProceduralFaceKeyFrame",
      "faceScaleY": 1.0,
      "scanlineOpacity": 1.0,
      "faceScaleX": 1.0,
      "leftEye": [
        10.08392090459624,
        1.3474360213743992,
        1.4948910538681983,
        1.128298803311329,
        0.0,
        0.6,
        0.6,
        0.6,
        0.6,
        0.6,
        0.6,
        0.6,
        0.6,
        0.0,
        0.0,
        0.0,
        0.0,
        0.0,
        0.0,
        1,
        1.0,
        0.0,
        0.0,
        0.0,
        0
      ],
      "faceAngle": 0.0,
      "durationTime_ms": 0,
      "faceCenterY": -0.3703772520172588,
      "faceCenterX": 0.0,
      "rightEye": [
        -9.406900555456815,
        0.0,
        1.5632232863456559,
        1.1794686360411775,
        0.0,
        0.6,
        0.6,
        0.6,
        0.6,
        0.6,
        0.6,
        0.6,
        0.6,
        0.0,
        0.0,
        0.0,
        0.0,
        0.0,
        0.0,
        1,
        1.0,
        0.0,
        0.0,
        0.0,
        0
      ],
      "triggerTime_ms": 0
    },
    {
      "Name": "ProceduralFaceKeyFrame",
      "faceScaleY": 0.9775493098844608,
      "scanlineOpacity": 1.0,
      "faceScaleX": 1.021264010780861,
      "leftEye": [
        10.08392090459624,
        1.3474360213743992,
        1.4948910538681983,
        1.128298803311329,
        0.0,
        0.6,
        0.6,
        0.6,
        0.6,
        0.6,
        0.6,
        0.6,
        0.6,
        0.0,
        0.0,
        0.0,
        0.0,
        0.0,
        0.0,
        1,
        1.0,
        0.0,
        0.0,
        0.0,
        0
      ],
      "faceAngle": 0.0,
      "durationTime_ms": 0,
      "faceCenterY": -0.3703772520172588,
      "faceCenterX": 0.0,
      "rightEye": [
        -9.406900555456815,
        0.0,
        1.5632232863456559,
        1.1794686360411775,
        0.0,
        0.6,
        0.6,
        0.6,
        0.6,
        0.6,
        0.6,
        0.6,
        0.6,
        0.0,
        0.0,
        0.0,
        0.0,
        0.0,
        0.0,
        1,
        1.0,
        0.0,
        0.0,
        0.0,
        0
      ],
      "triggerTime_ms": 132
    },
    {
      "Name": "ProceduralFaceKeyFrame",
      "faceScaleY": 1.0,
      "scanlineOpacity": 1.0,
      "faceScaleX": 1.0,
      "leftEye": [
        10.08392090459624,
        1.3474360213743992,
        1.4948910538681983,
        1.128298803311329,
        0.0,
        0.6,
        0.6,
        0.6,
        0.6,
        0.6,
        0.6,
        0.6,
        0.6,
        0.0,
        0.0,
        0.0,
        0.0,
        0.0,
        0.0,
        1,
        1.0,
        0.0,
        0.0,
        0.0,
        0
      ],
      "faceAngle": 0.0,
      "durationTime_ms": 0,
      "faceCenterY": -0.3703772520172588,
      "faceCenterX": 0.0,
      "rightEye": [
        -9.406900555456815,
        0.0,
        1.5632232863456559,
        1.1794686360411775,
        0.0,
        0.6,
        0.6,
        0.6,
        0.6,
        0.6,
        0.6,
        0.6,
        0.6,
        0.0,
        0.0,
        0.0,
        0.0,
        0.0,
        0.0,
        1,
        1.0,
        0.0,
        0.0,
        0.0,
        0
      ],
      "triggerTime_ms": 462
    },
    {
      "Right": [
        0.0,
        0.0,
        0.0,
        0.0
      ],
      "Name": "BackpackLightsKeyFrame",
      "durationTime_ms": 462,
      "Back": [
        0.0,
        0.0,
        0.0,
        0.0
      ],
      "Middle": [
        0.0,
        0.0,
        0.0,
        0.0
      ],
      "Front": [
        0.0,
        0.0,
        0.0,
        0.0
      ],
      "triggerTime_ms": 0,
      "Left": [
        0.0,
        0.0,
        0.0,
        0.0
      ]
    }
  ]
}