{
  "anim_avs_listen2notification_01": [
    {
      "Name": "ProceduralFaceKeyFrame",
      "faceScaleY": 1.0,
      "scanlineOpacity": 1.0,
      "faceScaleX": 1.0,
      "leftEye": [
        8.107326060759803,
        0.0,
        1.5174507300664741,
        1.1453089027930028,
        0.0,
        0.6,
        0.6,
        0.6,
        0.6,
        0.6,
        0.6,
        0.6,
        0.6,
        0.0,
        0.0,
        0.0,
        0.0,
        0.0,
        0.0,
        1,
        0.0,
        0.0,
        0.0,
        0.0,
        0
      ],
      "faceAngle": 0.0,
      "durationTime_ms": 0,
      "faceCenterY": 0.0,
      "faceCenterX": 0.0,
      "rightEye": [
        -7.315991464547729,
        0.0,
        1.5174507300664741,
        1.144941064931666,
        0.0,
        0.6,
        0.6,
        0.6,
        0.6,
        0.6,
        0.6,
        0.6,
        0.6,
        0.0,
        0.0,
        0.0,
        0.0,
        0.0,
        0.0,
        1,
        0.0,
        0.0,
        0.0,
        0.0,
        0
      ],
      "triggerTime_ms": 0
    },
    {
      "animName": "face_avs_Listen2Notification",
      "triggerTime_ms": 0,
      "Name": "FaceAnimationKeyFrame"
    },
    {
      "Right": [
        0.0,
        0.0,
        0.0,
        0.0
      ],
      "Name": "BackpackLightsKeyFrame",
      "durationTime_ms": 264,
      "Back": [
        0.0,
        0.0,
        0.0,
        0.0
      ],
      "Middle": [
        0.0,
        0.0,
        0.0,
        0.0
      ],
      "Front": [
        0.0,
        0.0,
        0.0,
        0.0
      ],
      "triggerTime_ms": 0,
      "Left": [
        0.0,
        0.0,
        0.0,
        0.0
      ]
    }
  ]
}