{
  "anim_getout_tts_02": [
    {
      "Name": "ProceduralFaceKeyFrame",
      "faceScaleY": 1.0,
      "scanlineOpacity": 1.0,
      "faceScaleX": 1.0476601167339172,
      "leftEye": [
        5.919982576281349,
        0.0,
        1.5182068986321422,
        1.1453089027930028,
        0.0,
        0.517380145160931,
        0.4565510840880475,
        0.5425030476735434,
        0.5226076538657823,
        0.7182113005873965,
        0.6128657858037103,
        0.517380145160931,
        0.5715529791241277,
        0.0,
        0.0,
        0.0,
        0.0,
        0.0,
        0.0,
        1,
        1.0,
        0.0,
        0.0,
        0.0,
        0
      ],
      "faceAngle": 0.0,
      "durationTime_ms": 0,
      "faceCenterY": 0.0,
      "faceCenterX": 0.0,
      "rightEye": [
        -5.773427362147665,
        0.0,
        1.5174507300664741,
        1.144941064931666,
        0.0,
        0.517380145160931,
        0.4565510840880475,
        0.5425030476735434,
        0.5226076538657823,
        0.7801702044491761,
        0.6128657858037103,
        0.517380145160931,
        0.5715529791241277,
        0.0,
        0.0,
        0.0,
        0.0,
        0.0,
        0.0,
        1,
        1.0,
        0.0,
        0.0,
        0.0,
        0
      ],
      "triggerTime_ms": 0
    },
    {
      "Name": "ProceduralFaceKeyFrame",
      "faceScaleY": 0.9431450033591453,
      "scanlineOpacity": 1.0,
      "faceScaleX": 1.043904185723816,
      "leftEye": [
        6.092359645119892,
        0.0,
        1.5181473075702798,
        1.1453089027930028,
        0.0,
        0.5141045418117535,
        0.4565510840880475,
        0.5339850984261666,
        0.5226076538657823,
        0.705462984412969,
        0.6128657858037103,
        0.5172164547061388,
        0.5715529791241277,
        0.0,
        0.0,
        0.0,
        0.0,
        0.0,
        0.0,
        1,
        1.0,
        0.0,
        0.0,
        0.0,
        0
      ],
      "faceAngle": 0.0,
      "durationTime_ms": 0,
      "faceCenterY": 0.6829448414871564,
      "faceCenterX": 0.0,
      "rightEye": [
        -5.894991570217471,
        0.0,
        1.5174507300664741,
        1.144941064931666,
        0.0,
        0.5141045418117535,
        0.4565510840880475,
        0.5339850984261666,
        0.5226076538657823,
        0.7625391186905793,
        0.6128657858037103,
        0.5172164547061388,
        0.5715529791241277,
        0.0,
        0.0,
        0.0,
        0.0,
        0.0,
        0.0,
        1,
        1.0,
        0.0,
        0.0,
        0.0,
        0
      ],
      "triggerTime_ms": 33
    },
    {
      "Name": "ProceduralFaceKeyFrame",
      "faceScaleY": 0.877777773589096,
      "scanlineOpacity": 1.0,
      "faceScaleX": 1.0238300583669586,
      "leftEye": [
        7.013654318520572,
        0.0,
        1.517828814349308,
        1.1453089027930028,
        0.0,
        0.49659759649643703,
        0.4565510840880475,
        0.4884596621092502,
        0.5226076538657823,
        0.6373277279924687,
        0.6128657858037103,
        0.5163415869229538,
        0.5715529791241277,
        0.0,
        0.0,
        0.0,
        0.0,
        0.0,
        0.0,
        1,
        1.0,
        0.0,
        0.0,
        0.0,
        0
      ],
      "faceAngle": 0.0,
      "durationTime_ms": 0,
      "faceCenterY": 2.634215817164602,
      "faceCenterX": 0.0,
      "rightEye": [
        -6.544709413347697,
        0.0,
        1.5174507300664741,
        1.144941064931666,
        0.0,
        0.49659759649643703,
        0.4565510840880475,
        0.4884596621092502,
        0.5226076538657823,
        0.6683071799233586,
        0.6128657858037103,
        0.5163415869229538,
        0.5715529791241277,
        0.0,
        0.0,
        0.0,
        0.0,
        0.0,
        0.0,
        1,
        1.0,
        0.0,
        0.0,
        0.0,
        0
      ],
      "triggerTime_ms": 66
    },
    {
      "Name": "ProceduralFaceKeyFrame",
      "faceScaleY": 1.0,
      "scanlineOpacity": 1.0,
      "faceScaleX": 1.0,
      "leftEye": [
        8.107326060759803,
        0.0,
        1.5174507300664741,
        1.1453089027930028,
        0.0,
        0.47581504783194317,
        0.4565510840880475,
        0.434416276544957,
        0.5226076538657823,
        0.5564441553975411,
        0.6128657858037103,
        0.5153030286849766,
        0.5715529791241277,
        0.0,
        0.0,
        0.0,
        0.0,
        0.0,
        0.0,
        1,
        1.0,
        0.0,
        0.0,
        0.0,
        0
      ],
      "faceAngle": 0.0,
      "durationTime_ms": 0,
      "faceCenterY": 0.0,
      "faceCenterX": 0.0,
      "rightEye": [
        -7.315991464547729,
        0.0,
        1.5174507300664741,
        1.144941064931666,
        0.0,
        0.47581504783194317,
        0.4565510840880475,
        0.434416276544957,
        0.5226076538657823,
        0.5564441553975411,
        0.6128657858037103,
        0.5153030286849766,
        0.5715529791241277,
        0.0,
        0.0,
        0.0,
        0.0,
        0.0,
        0.0,
        1,
        1.0,
        0.0,
        0.0,
        0.0,
        0
      ],
      "triggerTime_ms": 132
    }
  ]
}