{
  "anim_launch_wakeup_enddriving_01": [
    {
      "Name": "ProceduralFaceKeyFrame",
      "faceScaleY": 1.0,
      "scanlineOpacity": 1.0,
      "faceScaleX": 1.0,
      "leftEye": [
        8.107326060759803,
        0.0,
        1.5174507300664741,
        1.1453089027930028,
        0.0,
        0.6,
        0.6,
        0.6,
        0.6,
        0.6,
        0.6,
        0.6,
        0.6,
        0.0,
        0.0,
        0.0,
        0.0,
        0.0,
        0.0,
        1,
        1.0,
        0.0,
        0.0,
        0.0,
        0
      ],
      "faceAngle": 0.0,
      "durationTime_ms": 0,
      "faceCenterY": 0.0,
      "faceCenterX": 0.0,
      "rightEye": [
        -7.315991464547729,
        0.0,
        1.5174507300664741,
        1.144941064931666,
        0.0,
        0.6000000000000005,
        0.6000000000000005,
        0.6000000000000005,
        0.6000000000000005,
        0.6000000000000005,
        0.6000000000000005,
        0.6000000000000005,
        0.6000000000000005,
        0.0,
        0.0,
        0.0,
        0.0,
        0.0,
        0.0,
        1,
        1.0,
        0.0,
        0.0,
        0.0,
        0
      ],
      "triggerTime_ms": 0
    },
    {
      "Name": "ProceduralFaceKeyFrame",
      "faceScaleY": 1.0,
      "scanlineOpacity": 1.0,
      "faceScaleX": 1.0,
      "leftEye": [
        8.107326060759803,
        0.0,
        1.5174507300664741,
        1.1453089027930028,
        0.0,
        0.6,
        0.6,
        0.6,
        0.6,
        0.6,
        0.6,
        0.6,
        0.6,
        0.0,
        0.0,
        0.0,
        0.0,
        0.0,
        0.0,
        1,
        1.0,
        0.0,
        0.0,
        0.0,
        0
      ],
      "faceAngle": 0.0,
      "durationTime_ms": 0,
      "faceCenterY": 0.0,
      "faceCenterX": 0.0,
      "rightEye": [
        -7.315991464547729,
        0.0,
        1.5174507300664741,
        1.144941064931666,
        0.0,
        0.6000000000000005,
        0.6000000000000005,
        0.6000000000000005,
        0.6000000000000005,
        0.6000000000000005,
        0.6000000000000005,
        0.6000000000000005,
        0.6000000000000005,
        0.0,
        0.0,
        0.0,
        0.0,
        0.0,
        0.0,
        1,
        1.0,
        0.0,
        0.0,
        0.0,
        0
      ],
      "triggerTime_ms": 66
    },
    {
      "Name": "ProceduralFaceKeyFrame",
      "faceScaleY": 0.10400059408843079,
      "scanlineOpacity": 1.0,
      "faceScaleX": 1.333902639361427,
      "leftEye": [
        8.107326060759803,
        0.0,
        1.7881709075016272,
        1.1453089027930028,
        0.0,
        0.013740562341127522,
        0.013740562341127522,
        0.013740562341127522,
        0.013740562341127522,
        0.013740562341127522,
        0.013740562341127522,
        0.013740562341127522,
        0.013740562341127522,
        0.0,
        0.0,
        0.0,
        0.0,
        0.0,
        0.0,
        1,
        1.0,
        0.0,
        0.0,
        0.0,
        0
      ],
      "faceAngle": 0.0,
      "durationTime_ms": 0,
      "faceCenterY": 16.384574629109387,
      "faceCenterX": 0.0,
      "rightEye": [
        -7.315991464547729,
        0.0,
        1.7881709075016272,
        1.144941064931666,
        0.0,
        0.01374056234112753,
        0.01374056234112753,
        0.01374056234112753,
        0.01374056234112753,
        0.01374056234112753,
        0.01374056234112753,
        0.01374056234112753,
        0.01374056234112753,
        0.0,
        0.0,
        0.0,
        0.0,
        0.0,
        0.0,
        1,
        1.0,
        0.0,
        0.0,
        0.0,
        0
      ],
      "triggerTime_ms": 132
    },
    {
      "Name": "ProceduralFaceKeyFrame",
      "faceScaleY": 0.10400059408843079,
      "scanlineOpacity": 1.0,
      "faceScaleX": 1.5389087382423692,
      "leftEye": [
        8.107326060759803,
        0.0,
        1.7881709075016272,
        1.1453089027930028,
        0.0,
        0.013740562341127522,
        0.013740562341127522,
        0.013740562341127522,
        0.013740562341127522,
        0.013740562341127522,
        0.013740562341127522,
        0.013740562341127522,
        0.013740562341127522,
        0.0,
        0.0,
        0.0,
        0.0,
        0.0,
        0.0,
        1,
        1.0,
        0.0,
        0.0,
        0.0,
        0
      ],
      "faceAngle": 0.0,
      "durationTime_ms": 0,
      "faceCenterY": 20.014946614590862,
      "faceCenterX": 0.0,
      "rightEye": [
        -7.315991464547729,
        0.0,
        1.7881709075016272,
        1.144941064931666,
        0.0,
        0.01374056234112753,
        0.01374056234112753,
        0.01374056234112753,
        0.01374056234112753,
        0.01374056234112753,
        0.01374056234112753,
        0.01374056234112753,
        0.01374056234112753,
        0.0,
        0.0,
        0.0,
        0.0,
        0.0,
        0.0,
        1,
        1.0,
        0.0,
        0.0,
        0.0,
        0
      ],
      "triggerTime_ms": 165
    },
    {
      "Name": "ProceduralFaceKeyFrame",
      "faceScaleY": 0.2935538699718684,
      "scanlineOpacity": 1.0,
      "faceScaleX": 1.1739868633433375,
      "leftEye": [
        8.107326060759803,
        0.0,
        1.6048528283685253,
        1.1453089027930028,
        0.0,
        0.4107259477803793,
        0.4107259477803793,
        0.4107259477803793,
        0.4107259477803793,
        0.4107259477803793,
        0.4107259477803793,
        0.4107259477803793,
        0.4107259477803793,
        0.0,
        0.0,
        0.0,
        0.0,
        0.0,
        0.0,
        1,
        1.0,
        0.0,
        0.0,
        0.0,
        0
      ],
      "faceAngle": 0.0,
      "durationTime_ms": 0,
      "faceCenterY": 6.461832095754339,
      "faceCenterX": 0.0,
      "rightEye": [
        -7.315991464547729,
        0.0,
        1.6048528283685253,
        1.144941064931666,
        0.0,
        0.4107259477803793,
        0.4107259477803793,
        0.4107259477803793,
        0.4107259477803793,
        0.4107259477803793,
        0.4107259477803793,
        0.4107259477803793,
        0.4107259477803793,
        0.0,
        0.0,
        0.0,
        0.0,
        0.0,
        0.0,
        1,
        1.0,
        0.0,
        0.0,
        0.0,
        0
      ],
      "triggerTime_ms": 198
    },
    {
      "Name": "ProceduralFaceKeyFrame",
      "faceScaleY": 1.0,
      "scanlineOpacity": 1.0,
      "faceScaleX": 1.0,
      "leftEye": [
        8.107326060759803,
        0.0,
        1.5174507300664741,
        1.216803591334659,
        0.0,
        0.6,
        0.6,
        0.6,
        0.6,
        0.6,
        0.6,
        0.6,
        0.6,
        0.0,
        0.0,
        0.0,
        0.0,
        0.0,
        0.0,
        1,
        1.0,
        0.0,
        0.0,
        0.0,
        0
      ],
      "faceAngle": 0.0,
      "durationTime_ms": 0,
      "faceCenterY": -0.8117772029771871,
      "faceCenterX": 0.0,
      "rightEye": [
        -7.315991464547729,
        0.0,
        1.5174507300664741,
        1.2164665230149918,
        0.0,
        0.6,
        0.6,
        0.6,
        0.6,
        0.6,
        0.6,
        0.6,
        0.6,
        0.0,
        0.0,
        0.0,
        0.0,
        0.0,
        0.0,
        1,
        1.0,
        0.0,
        0.0,
        0.0,
        0
      ],
      "triggerTime_ms": 297
    },
    {
      "Name": "ProceduralFaceKeyFrame",
      "faceScaleY": 1.0,
      "scanlineOpacity": 1.0,
      "faceScaleX": 1.0,