{
  "anim_launch_startsleeping_01": [
    {
      "durationTime_ms": 330,
      "triggerTime_ms": 0,
      "Name": "LiftHeightKeyFrame",
      "heightVariability_mm": 0,
      "height_mm": 0
    },
    {
      "angleVariability_deg": 0,
      "angle_deg": -19,
      "triggerTime_ms": 0,
      "Name": "HeadAngleKeyFrame",
      "durationTime_ms": 330
    },
    {
      "Name": "ProceduralFaceKeyFrame",
      "faceScaleY": 0.6939860710330283,
      "scanlineOpacity": 1.0,
      "faceScaleX": 0.6939860710330283,
      "leftEye": [
        8.107326060759803,
        0.0,
        0.15421357445635264,
        0.13716307689557694,
        0.0,
        0.6,
        0.6,
        0.6,
        0.6,
        0.6,
        0.6,
        0.6,
        0.6,
        0.6815276982397072,
        0.0,
        0.0,
        0.0,
        0.0,
        0.0,
        1,
        1.0,
        0.0,
        0.0,
        0.0,
        0
      ],
      "faceAngle": 0.0,
      "durationTime_ms": 0,
      "faceCenterY": 18.43509340724179,
      "faceCenterX": 0.0,
      "rightEye": [
        -7.315991464547729,
        0.0,
        0.15421357445635264,
        0.1363613580616576,
        0.0,
        0.6,
        0.6,
        0.6,
        0.6,
        0.6,
        0.6,
        0.6,
        0.6,
        0.6825799977007666,
        0.0,
        0.0,
        0.0,
        0.0,
        0.0,
        1,
        1.0,
        0.0,
        0.0,
        0.0,
        0
      ],
      "triggerTime_ms": 0
    },
    {
      "Name": "ProceduralFaceKeyFrame",
      "faceScaleY": 0.6939860710330283,
      "scanlineOpacity": 1.0,
      "faceScaleX": 0.6939860710330283,
      "leftEye": [
        8.107326060759803,
        0.0,
        0.15421357445635264,
        0.13716307689557694,
        0.0,
        0.6,
        0.6,
        0.6,
        0.6,
        0.6,
        0.6,
        0.6,
        0.6,
        0.6815276982397072,
        0.0,
        0.0,
        0.0,
        0.0,
        0.0,
        1,
        1.0,
        0.0,
        0.0,
        0.0,
        0
      ],
      "faceAngle": 0.0,
      "durationTime_ms": 0,
      "faceCenterY": 18.43509340724179,
      "faceCenterX": 0.0,
      "rightEye": [
        -7.315991464547729,
        0.0,
        0.15421357445635264,
        0.1363613580616576,
        0.0,
        0.6,
        0.6,
        0.6,
        0.6,
        0.6,
        0.6,
        0.6,
        0.6,
        0.6825799977007666,
        0.0,
        0.0,
        0.0,
        0.0,
        0.0,
        1,
        1.0,
        0.0,
        0.0,
        0.0,
        0
      ],
      "triggerTime_ms": 330
    }
  ]
}