{
  "anim_keepalive_eyesonly_loop_04": [
    {
      "Name": "ProceduralFaceKeyFrame",
      "faceScaleY": 1.0,
      "scanlineOpacity": 1.0,
      "faceScaleX": 1.0,
      "leftEye": [
        8.107326060759803,
        0.0,
        1.5174507300664741,
        1.1453089027930028,
        0.0,
        0.6,
        0.6,
        0.6,
        0.6,
        0.6,
        0.6,
        0.6,
        0.6,
        0.0,
        0.0,
        0.0,
        0.0,
        0.0,
        0.0,
        1,
        1.0,
        0.0,
        0.0,
        0.0,
        0
      ],
      "faceAngle": 0.0,
      "durationTime_ms": 0,
      "faceCenterY": 0.0,
      "faceCenterX": 0.0,
      "rightEye": [
        -7.315991464547729,
        0.0,
        1.5174507300664741,
        1.144941064931666,
        0.0,
        0.6,
        0.6,
        0.6,
        0.6,
        0.6,
        0.6,
        0.6,
        0.6,
        0.0,
        0.0,
        0.0,
        0.0,
        0.0,
        0.0,
        1,
        1.0,
        0.0,
        0.0,
        0.0,
        0
      ],
      "triggerTime_ms": 0
    },
    {
      "Name": "ProceduralFaceKeyFrame",
      "faceScaleY": 1.0,
      "scanlineOpacity": 1.0,
      "faceScaleX": 1.0,
      "leftEye": [
        8.107326060759803,
        0.016476632389547774,
        1.5164289924939585,
        1.1445385079699608,
        0.0,
        0.6,
        0.6,
        0.6,
        0.6,
        0.6,
        0.6,
        0.6,
        0.6,
        0.0,
        0.0,
        0.0,
        0.0,
        0.0,
        0.0,
        1,
        1.0,
        0.0,
        0.0,
        0.0,
        0
      ],
      "faceAngle": 0.0,
      "durationTime_ms": 0,
      "faceCenterY": 0.0,
      "faceCenterX": 0.0,
      "rightEye": [
        -7.315991464547729,
        0.0,
        1.5174507300664741,
        1.144941064931666,
        0.0,
        0.6,
        0.6,
        0.6,
        0.6,
        0.6,
        0.6,
        0.6,
        0.6,
        0.0,
        0.0,
        0.0,
        0.0,
        0.0,
        0.0,
        1,
        1.0,
        0.0,
        0.0,
        0.0,
        0
      ],
      "triggerTime_ms": 330
    },
    {
      "Name": "ProceduralFaceKeyFrame",
      "faceScaleY": 0.9553740701851773,
      "scanlineOpacity": 1.0,
      "faceScaleX": 1.0,
      "leftEye": [
        9.792684216693829,
        0.023631875618747245,
        1.5159852864820187,
        1.1442039515987887,
        0.0,
        0.6,
        0.6,
        0.6,
        0.6,
        0.6,
        0.6,
        0.6,
        0.6,
        0.0,
        0.0,
        0.0,
        0.0,
        0.0,
        0.0,
        1,
        1.0,
        0.0,
        0.12103447285034385,
        0.0,
        0
      ],
      "faceAngle": 0.0,
      "durationTime_ms": 0,
      "faceCenterY": 1.59595706046413,
      "faceCenterX": 1.259880645563471,
      "rightEye": [
        -7.315991464547729,
        0.0,
        1.5285983063193838,
        1.153350006075862,
        0.0,
        0.6,
        0.6,
        0.6,
        0.6,
        0.6,
        0.6,
        0.6,
        0.6,
        0.0,
        0.0,
        0.0,
        0.0,
        0.0,
        0.0,
        1,
        1.0,
        0.0,
        0.12087367081339176,
        0.0,
        0
      ],
      "triggerTime_ms": 363
    },
    {
      "Name": "ProceduralFaceKeyFrame",
      "faceScaleY": 1.0,
      "scanlineOpacity": 1.0,
      "faceScaleX": 1.0,
      "leftEye": [
        10.38255957127074,
        0.03251068722973116,
        1.5154346997354224,
        1.1437888066627278,
        0.0,
        0.6,
        0.6,
        0.6,
        0.6,
        0.6,
        0.6,
        0.6,
        0.6,
        0.0,
        0.0,
        0.0,
        0.0,
        0.0,
        0.0,
        1,
        1.0,
        0.0,
        0.16339653834796422,
        0.0,
        0
      ],
      "faceAngle": 0.0,
      "durationTime_ms": 0,
      "faceCenterY": 0.5821314949522076,
      "faceCenterX": 1.700838182171421,
      "rightEye": [
        -7.315991464547729,
        0.0,
        1.532499958007902,
        1.1562931354763306,
        0.0,
        0.6,
        0.6,
        0.6,
        0.6,
        0.6,
        0.6,
        0.6,
        0.6,
        0.0,
        0.0,
        0.0,
        0.0,
        0.0,
        0.0,
        1,
        1.0,
        0.0,
        0.1631794555980789,
        0.0,
        0
      ],
      "triggerTime_ms": 429
    },
    {
      "Name": "ProceduralFaceKeyFrame",
      "faceScaleY": 1.0,
      "scanlineOpacity": 1.0,
      "faceScaleX": 1.0,
      "leftEye": [
        10.38255957127074,
        0.03251068722973116,
        1.5154346997354224,
        1.1437888066627278,
        0.0,
        0.6,
        0.6,
        0.6,
        0.6,
        0.6,
        0.6,
        0.6,
        0.6,
        0.0,
        0.0,
        0.0,
        0.0,
        0.0,
        0.0,
        1,
        1.0,
        0.0,
        0.16339653834796422,
        0.0,
        0
      ],
      "faceAngle": 0.0,
      "durationTime_ms": 0,
      "faceCenterY": 0.5821314949522076,
      "faceCenterX": 1.700838182171421,
      "rightEye": [
        -7.315991464547729,
        0.0,
        1.532499958007902,
        1.1562931354763306,
        0.0,
        0.6,
        0.6,
        0.6,
        0.6,
        0.6,
        0.6,
        0.6,
        0.6,
        0.0,
        0.0,
        0.0,
        0.0,
        0.0,
        0.0,
        1,
        1.0,
        0.0,
        0.1631794555980789,
        0.0,
        0
      ],
      "triggerTime_ms": 759
    },
    {
      "Name": "ProceduralFaceKeyFrame",
      "faceScaleY": 1.0,
      "scanlineOpacity": 1.0,
      "faceScaleX": 0.9833975214802891,
      "leftEye": [
        10.356770315587966,
        0.1563534747859734,
        1.507755046142401,
        1.1379983125769981,
        0.0,
        0.6,
        0.6,
        0.6,
        0.6,
        0.6,
        0.6,
        0.6,
        0.6,
        0.0,
        0.0,
        0.0,
        0.0,
        0.0,
        0.0,
        1,
        1.0,
        0.0,
        0.17653619037463716,
        -0.030844803090801055,
        0
      ],
      "faceAngle": 0.0,
      "durationTime_ms": 0,
      "faceCenterY": -0.7847371287475385,
      "faceCenterX": 2.516763169668612,
      "rightEye": [
        -7.315991464547729,
        0.0,
        1.53232937842325,
        1.1561644623320346,
        0.0,
        0.6,
        0.6,
        0.6,
        0.6,
        0.6,
        0.6,
        0.6,
        0.6,
        0.0,
        0.0,
        0.0,
        0.0,
        0.0,
        0.0,
        1,
        1.0,
        0.0,
        0.17604540209322142,
        -0.030288693942351775,
        0
      ],
      "triggerTime_ms": 792
    },
    {
      "Name": "ProceduralFaceKeyFrame",
      "faceScaleY": 1.0,
      "scanlineOpacity": 1.0,
      "faceScaleX": 1.0,
      "leftEye": [
        10.339987598222251,
        0.2073352513274287,
        1.5045935993506983,
        1.1356145671739064,
        0.0,
        0.6,
        0.6,
        0.6,
        0.6,
        0.6,
        0.6,
        0.6,
        0.6,
        0.0,
        0.0,
        0.0,
        0.0,
        0.0,
        0.0,
        1,
        1.0,
        0.0,
        0.18113506858397266,
        -0.041640484172581434,
        0
      ],
      "faceAngle": 0.0,
      "durationTime_ms": 0,
      "faceCenterY": -1.2631411470424492,
      "faceCenterX": 2.802336632655667,
      "rightEye": [
        -7.315991464547729,
        0.0,
        1.5322183713824578,
        1.1560807264910378,
        0.0,
        0.6,
        0.6,
        0.6,
        0.6,
        0.6,
        0.6,
        0.6,
        0.6,
        0.0,
        0.0,
        0.0,
        0.0,
        0.0,
        0.0,
        1,
        1.0,
        0.0,
        0.18054848336652127,
        -0.04088973682217491,
        0
      ],
      "triggerTime_ms": 858
    },
    {
      "Name": "ProceduralFaceKeyFrame",
      "faceScaleY": 1.0,
      "scanlineOpacity": 1.0,