{
  "anim_keepalive_eyesonly_loop_04": [
    {
      "Name": "ProceduralFaceKeyFrame",
      "faceScaleY": 1.0,
      "scanlineOpacity": 1.0,
      "faceScaleX": 1.0,
      "leftEye": [
        8.107326060759803,
        0.0,
        1.5174507300664741,
        1.1453089027930028,
        0.0,
        0.6,
        0.6,
        0.6,
        0.6,
        0.6,
        0.6,
        0.6,
        0.6,
        0.0,
        0.0,
        0.0,
        0.0,
        0.0,
        0.0,
        1,
        1.0,
        0.0,
        0.0,
        0.0,
        0
      ],
      "faceAngle": 0.0,
      "durationTime_ms": 0,
      "faceCenterY": 0.0,
      "faceCenterX": 0.0,
      "rightEye": [
        -7.315991464547729,
        0.0,
        1.5174507300664741,
        1.144941064931666,
        0.0,
        0.6,
        0.6,
        0.6,
        0.6,
        0.6,
        0.6,
        0.6,
        0.6,
        0.0,
        0.0,
        0.0,
        0.0,
        0.0,
        0.0,
        1,
        1.0,
        0.0,
        0.0,
        0.0,
        0
      ],
      "triggerTime_ms": 0
    },
    {
      "Name": "ProceduralFaceKeyFrame",
      "faceScaleY": 1.0,
      "scanlineOpacity": 1.0,
      "faceScaleX": 1.0,
      "leftEye": [
        8.112429369965689,
        1.1582879999999989,
        1.6690369567305292,
        1.0279560343620553,
        0.0,
        0.6,
        0.6,
        0.6,
        0.6,
        0.6,
        0.6,
        0.6,
        0.6,
        0.0,
        0.0,
        0.0,
        0.0,
        0.0,
        0.0,
        1,
        1.0,
        0.0,
        0.0,
        0.0,
        0
      ],
      "faceAngle": 0.0,
      "durationTime_ms": 0,
      "faceCenterY": 0.0,
      "faceCenterX": 0.0,
      "rightEye": [
        -7.310593010916428,
        1.1582879999999989,
        1.6690369567305292,
        1.027537690735201,
        0.0,
        0.6,
        0.6,
        0.6,
        0.6,
        0.6,
        0.6,
        0.6,
        0.6,
        0.0,
        0.0,
        0.0,
        0.0,
        0.0,
        0.0,
        1,
        1.0,
        0.0,
        0.0,
        0.0,
        0
      ],
      "triggerTime_ms": 66
    },
    {
      "Name": "ProceduralFaceKeyFrame",
      "faceScaleY": 1.0,
      "scanlineOpacity": 1.0,
      "faceScaleX": 0.9392102058071068,
      "leftEye": [
        8.112343424385067,
        1.1387811015020475,
        1.6515640886620728,
        1.0299323912723626,
        0.0,
        0.6,
        0.6,
        0.6,
        0.6,
        0.6,
        0.6,
        0.6,
        0.6,
        0.0,
        0.0,
        0.0,
        0.0,
        0.0,
        0.0,
        1,
        1.0,
        0.0,
        0.0,
        0.0,
        0
      ],
      "faceAngle": 0.0,
      "durationTime_ms": 0,
      "faceCenterY": 0.0,
      "faceCenterX": 0.0,
      "rightEye": [
        -7.310683927067707,
        1.1387811015020475,
        1.6515640886620728,
        1.0295148982205307,
        0.0,
        0.6,
        0.6,
        0.6,
        0.6,
        0.6,
        0.6,
        0.6,
        0.6,
        0.0,
        0.0,
        0.0,
        0.0,
        0.0,
        0.0,
        1,
        1.0,
        0.0,
        0.0,
        0.0,
        0
      ],
      "triggerTime_ms": 132
    },
    {
      "Name": "ProceduralFaceKeyFrame",
      "faceScaleY": 1.0,
      "scanlineOpacity": 1.0,
      "faceScaleX": 0.9392102058071068,
      "leftEye": [
        8.112343424385067,
        1.1387811015020475,
        1.6515640886620728,
        1.0299323912723626,
        0.0,
        0.6,
        0.6,
        0.6,
        0.6,
        0.6,
        0.6,
        0.6,
        0.6,
        0.0,
        0.0,
        0.0,
        0.0,
        0.0,
        0.0,
        1,
        1.0,
        0.0,
        0.0,
        0.0,
        0
      ],
      "faceAngle": 0.0,
      "durationTime_ms": 0,
      "faceCenterY": 0.0,
      "faceCenterX": 0.0,
      "rightEye": [
        -7.310683927067707,
        1.1387811015020475,
        1.6515640886620728,
        1.0295148982205307,
        0.0,
        0.6,
        0.6,
        0.6,
        0.6,
        0.6,
        0.6,
        0.6,
        0.6,
        0.0,
        0.0,
        0.0,
        0.0,
        0.0,
        0.0,
        1,
        1.0,
        0.0,
        0.0,
        0.0,
        0
      ],
      "triggerTime_ms": 1815
    },
    {
      "Name": "ProceduralFaceKeyFrame",
      "faceScaleY": 1.0,
      "scanlineOpacity": 1.0,
      "faceScaleX": 0.9392102058071068,
      "leftEye": [
        8.112429369965689,
        1.1582879999999989,
        1.6690369567305292,
        1.0279560343620553,
        0.0,
        0.6,
        0.6,
        0.6,
        0.6,
        0.6,
        0.6,
        0.6,
        0.6,
        0.0,
        0.0,
        0.0,
        0.0,
        0.0,
        0.0,
        1,
        1.0,
        0.0,
        0.0,
        0.0,
        0
      ],
      "faceAngle": 0.0,
      "durationTime_ms": 0,
      "faceCenterY": 0.0,
      "faceCenterX": 0.0,
      "rightEye": [
        -7.310593010916428,
        1.1582879999999989,
        1.6690369567305292,
        1.027537690735201,
        0.0,
        0.6,
        0.6,
        0.6,
        0.6,
        0.6,
        0.6,
        0.6,
        0.6,
        0.0,
        0.0,
        0.0,
        0.0,
        0.0,
        0.0,
        1,
        1.0,
        0.0,
        0.0,
        0.0,
        0
      ],
      "triggerTime_ms": 1881
    },
    {
      "Name": "ProceduralFaceKeyFrame",
      "faceScaleY": 1.0,
      "scanlineOpacity": 1.0,
      "faceScaleX": 1.0,
      "leftEye": [
        8.107326060759803,
        0.0,
        1.5174507300664741,
        1.1453089027930028,
        0.0,
        0.6,
        0.6,
        0.6,
        0.6,
        0.6,
        0.6,
        0.6,
        0.6,
        0.0,
        0.0,
        0.0,
        0.0,
        0.0,
        0.0,
        1,
        1.0,
        0.0,
        0.0,
        0.0,
        0
      ],
      "faceAngle": 0.0,
      "durationTime_ms": 0,
      "faceCenterY": 0.0,
      "faceCenterX": 0.0,
      "rightEye": [
        -7.315991464547729,
        0.0,
        1.5174507300664741,
        1.144941064931666,
        0.0,
        0.6,
        0.6,
        0.6,
        0.6,
        0.6,
        0.6,
        0.6,
        0.6,
        0.0,
        0.0,
        0.0,
        0.0,
        0.0,
        0.0,
        1,
        1.0,
        0.0,
        0.0,
        0.0,
        0
      ],
      "triggerTime_ms": 1980
    }
  ]
}