{
  "anim_keepalive_eyesonly_loop_01": [
    {
      "Name": "ProceduralFaceKeyFrame",
      "faceScaleY": 1.0,
      "scanlineOpacity": 1.0,
      "faceScaleX": 1.0,
      "leftEye": [
        8.107326060759803,
        0.0,
        1.5174507300664741,
        1.1453089027930028,
        0.0,
        0.6,
        0.6,
        0.6,
        0.6,
        0.6,
        0.6,
        0.6,
        0.6,
        0.0,
        0.0,
        0.0,
        0.0,
        0.0,
        0.0,
        1,
        1.0,
        0.0,
        0.0,
        0.0,
        0
      ],
      "faceAngle": 0.0,
      "durationTime_ms": 0,
      "faceCenterY": 0.0,
      "faceCenterX": 0.0,
      "rightEye": [
        -7.315991464547729,
        0.0,
        1.5174507300664741,
        1.144941064931666,
        0.0,
        0.6,
        0.6,
        0.6,
        0.6,
        0.6,
        0.6,
        0.6,
        0.6,
        0.0,
        0.0,
        0.0,
        0.0,
        0.0,
        0.0,
        1,
        1.0,
        0.0,
        0.0,
        0.0,
        0
      ],
      "triggerTime_ms": 0
    },
    {
      "Name": "ProceduralFaceKeyFrame",
      "faceScaleY": 1.0,
      "scanlineOpacity": 1.0,
      "faceScaleX": 1.0,
      "leftEye": [
        8.107326060759803,
        0.0,
        1.6345532588514438,
        0.4088094287986226,
        0.0,
        0.6,
        0.6,
        0.6,
        0.6,
        0.6,
        0.6,
        0.6,
        0.6,
        0.0,
        0.0,
        0.0,
        0.0,
        0.0,
        0.0,
        1,
        1.0,
        0.0,
        0.0,
        0.0,
        0
      ],
      "faceAngle": 0.0,
      "durationTime_ms": 0,
      "faceCenterY": 0.0,
      "faceCenterX": -2.9406644720282173,
      "rightEye": [
        -7.315991464547729,
        0.0,
        1.6345532588514438,
        0.40812461982073256,
        0.0,
        0.6,
        0.6,
        0.6,
        0.6,
        0.6,
        0.6,
        0.6,
        0.6,
        0.0,
        0.0,
        0.0,
        0.0,
        0.0,
        0.0,
        1,
        1.0,
        0.0,
        0.0,
        0.0,
        0
      ],
      "triggerTime_ms": 99
    },
    {
      "Name": "ProceduralFaceKeyFrame",
      "faceScaleY": 0.9762283058900214,
      "scanlineOpacity": 1.0,
      "faceScaleX": 0.9762283058900214,
      "leftEye": [
        8.510134808780023,
        0.18109156717060415,
        1.5743725669432904,
        0.7209768740275309,
        0.0,
        0.5055077853127627,
        0.5481622788853945,
        0.49597395172517883,
        0.5582836386813439,
        0.6303152912125595,
        0.678732723677819,
        0.5592107068865617,
        0.6035772092323669,
        0.0,
        0.0,
        0.0,
        0.0,
        0.0,
        0.0,
        1,
        1.0,
        0.0,
        -0.18965369419605305,
        0.0,
        0
      ],
      "faceAngle": 0.0,
      "durationTime_ms": 0,
      "faceCenterY": 0.0,
      "faceCenterX": -7.91117712723252,
      "rightEye": [
        -8.04450067066385,
        0.4094244127335429,
        1.5594839770092626,
        0.7168183583111402,
        0.0,
        0.5054803246053786,
        0.5481765196399907,
        0.4959419820017081,
        0.5583002177512157,
        0.6302848420104571,
        0.6787485142256995,
        0.559181241793832,
        0.6035924894343243,
        0.0,
        0.0,
        0.0,
        0.0,
        0.0,
        0.011696195654547046,
        1,
        1.0,
        0.0,
        -0.32900534128828784,
        0.0,
        0
      ],
      "triggerTime_ms": 165
    },
    {
      "Name": "ProceduralFaceKeyFrame",
      "faceScaleY": 0.9687013595598533,
      "scanlineOpacity": 1.0,
      "faceScaleX": 0.9687013595598533,
      "leftEye": [
        8.604907815363298,
        0.47636218272788255,
        1.5204900004741035,
        1.1555986944063048,
        0.0,
        0.47558825895174456,
        0.5317486508577615,
        0.46303568158416303,
        0.5450747856949837,
        0.6399141683007753,
        0.703662246277647,
        0.5462953959840261,
        0.6047098782705618,
        0.0,
        0.0,
        0.0,
        0.0,
        0.0,
        0.0,
        1,
        1.0,
        0.0,
        -0.24970465947128784,
        0.0,
        0
      ],
      "faceAngle": 0.0,
      "durationTime_ms": 0,
      "faceCenterY": 0.0,
      "faceCenterX": -9.485023117588497,
      "rightEye": [
        -8.593795224622944,
        0.7882631616070412,
        1.4922709649882515,
        1.111423720887267,
        0.0,
        0.4755521032279382,
        0.5317674007312724,
        0.4629935891327268,
        0.5450966142758308,
        0.6398740778207334,
        0.7036830366629756,
        0.5462566012166604,
        0.6047299967166725,
        0.0,
        0.0,
        0.0,
        0.0,
        0.0,
        0.015399618580638182,
        1,
        1.0,
        0.0,
        -0.4123371448500097,
        0.0,
        0
      ],
      "triggerTime_ms": 264
    },
    {
      "Name": "ProceduralFaceKeyFrame",
      "faceScaleY": 0.9687013595598533,
      "scanlineOpacity": 1.0,
      "faceScaleX": 0.9687013595598533,
      "leftEye": [
        8.637678088347883,
        -0.3119009788791587,
        1.5204900004741035,
        1.2253047990527945,
        0.0,
        0.47558825895174456,
        0.5317486508577615,
        0.46303568158416303,
        0.5450747856949837,
        0.6399141683007753,
        0.703662246277647,
        0.5462953959840261,
        0.6047098782705618,
        0.0,
        0.0,
        0.0,
        0.0,
        0.0,
        0.0,
        1,
        1.0,
        0.16709264781632904,
        -0.24970465947128784,
        0.0,
        0
      ],
      "faceAngle": 0.0,
      "durationTime_ms": 0,
      "faceCenterY": 0.0,
      "faceCenterX": -9.485023117588497,
      "rightEye": [
        -8.792573471775881,
        0.0,
        1.4922709649882515,
        1.157659479086548,
        0.0,
        0.4755521032279382,
        0.5317674007312724,
        0.4629935891327268,
        0.5450966142758308,
        0.6398740778207334,
        0.7036830366629756,
        0.5462566012166604,
        0.6047299967166725,
        0.0,
        0.0,
        0.0,
        0.0,
        0.0,
        0.015399618580638182,
        1,
        1.0,
        0.16709264781632904,
        -0.4123371448500097,
        0.0,
        0
      ],
      "triggerTime_ms": 396
    },
    {
      "Name": "ProceduralFaceKeyFrame",
      "faceScaleY": 0.9687013595598533,
      "scanlineOpacity": 1.0,
      "faceScaleX": 0.9687013595598533,
      "leftEye": [
        8.637678088347883,
        -0.3119009788791587,
        1.5204900004741035,
        1.2253047990527945,
        0.0,
        0.47558825895174456,
        0.5317486508577615,
        0.46303568158416303,
        0.5450747856949837,
        0.6399141683007753,
        0.703662246277647,
        0.5462953959840261,
        0.6047098782705618,
        0.0,
        0.0,
        0.0,
        0.0,
        0.0,
        0.0,
        1,
        1.0,
        0.5,
        -0.24970465947128784,
        0.0,
        0
      ],
      "faceAngle": 0.0,
      "durationTime_ms": 0,
      "faceCenterY": 0.0,
      "faceCenterX": -9.485023117588497,
      "rightEye": [
        -8.792573471775881,
        0.0,
        1.4922709649882515,
        1.157659479086548,
        0.0,
        0.4755521032279382,
        0.5317674007312724,
        0.4629935891327268,
        0.5450966142758308,
        0.6398740778207334,
        0.7036830366629756,
        0.5462566012166604,
        0.6047299967166725,
        0.0,
        0.0,
        0.0,
        0.0,
        0.0,
        0.015399618580638182,
        1,
        1.0,
        0.5,
        -0.4123371448500097,
        0.0,
        0
      ],
      "triggerTime_ms": 990
    },
    {
      "Name": "ProceduralFaceKeyFrame",
      "faceScaleY": 0.9842940594690158,
      "scanlineOpacity": 1.0,
      "faceScaleX": 0.9842784659799617,