{
  "anim_inspectheldcube_loop_05": [
    {
      "angleVariability_deg": 0,
      "angle_deg": 0,
      "triggerTime_ms": 0,
      "Name": "HeadAngleKeyFrame",
      "durationTime_ms": 462
    },
    {
      "Name": "ProceduralFaceKeyFrame",
      "faceScaleY": 1.0,
      "scanlineOpacity": 1.0,
      "faceScaleX": 1.0,
      "leftEye": [
        10.08392090459624,
        1.3474360213743992,
        1.4948910538681983,
        1.128298803311329,
        0.0,
        0.6,
        0.6,
        0.6,
        0.6,
        0.6,
        0.6,
        0.6,
        0.6,
        0.0,
        0.0,
        0.0,
        0.0,
        0.0,
        0.0,
        1,
        1.0,
        0.0,
        0.0,
        0.0,
        0
      ],
      "faceAngle": 0.0,
      "durationTime_ms": 0,
      "faceCenterY": -0.3703772520172588,
      "faceCenterX": 0.0,
      "rightEye": [
        -9.406900555456815,
        0.0,
        1.5632232863456559,
        1.1794686360411775,
        0.0,
        0.6,
        0.6,
        0.6,
        0.6,
        0.6,
        0.6,
        0.6,
        0.6,
        0.0,
        0.0,
        0.0,
        0.0,
        0.0,
        0.0,
        1,
        1.0,
        0.0,
        0.0,
        0.0,
        0
      ],
      "triggerTime_ms": 0
    },
    {
      "Name": "ProceduralFaceKeyFrame",
      "faceScaleY": 0.9846478952999919,
      "scanlineOpacity": 1.0,
      "faceScaleX": 0.9952097604118877,
      "leftEye": [
        10.660295915252775,
        1.3474360213743992,
        1.4948910538681983,
        1.128298803311329,
        0.0,
        0.6,
        0.6,
        0.6,
        0.6,
        0.6,
        0.6,
        0.6,
        0.6,
        0.0,
        0.0,
        0.0,
        0.0,
        0.0,
        0.0,
        1,
        1.0,
        0.0,
        0.0,
        0.07985312109261122,
        0
      ],
      "faceAngle": 0.0,
      "durationTime_ms": 0,
      "faceCenterY": 0.034774344589806105,
      "faceCenterX": 0.0,
      "rightEye": [
        -10.01660959791058,
        0.0,
        1.5632232863456559,
        1.1794686360411775,
        0.0,
        0.6,
        0.6,
        0.6,
        0.6,
        0.6,
        0.6,
        0.6,
        0.6,
        0.0,
        0.0,
        0.0,
        0.0,
        0.0,
        0.0,
        1,
        1.0,
        0.0,
        0.0,
        0.07636254998724679,
        0
      ],
      "triggerTime_ms": 33
    },
    {
      "Name": "ProceduralFaceKeyFrame",
      "faceScaleY": 0.9394605028966412,
      "scanlineOpacity": 1.0,
      "faceScaleX": 1.0231786660508275,
      "leftEye": [
        10.272030171312025,
        1.3474360213743992,
        1.4948910538681983,
        1.128298803311329,
        0.0,
        0.6,
        0.6,
        0.6,
        0.6,
        0.6,
        0.6,
        0.6,
        0.6,
        0.0,
        0.0,
        0.0,
        0.0,
        0.0,
        0.0,
        1,
        1.0,
        0.0,
        0.0,
        0.16879588455763828,
        0
      ],
      "faceAngle": 0.0,
      "durationTime_ms": 0,
      "faceCenterY": 1.7480935703193126,
      "faceCenterX": 0.0,
      "rightEye": [
        -9.605888920263467,
        0.0,
        1.5632232863456559,
        1.1794686360411775,
        0.0,
        0.6,
        0.6,
        0.6,
        0.6,
        0.6,
        0.6,
        0.6,
        0.6,
        0.0,
        0.0,
        0.0,
        0.0,
        0.0,
        0.0,
        1,
        1.0,
        0.0,
        0.0,
        0.16141741231660967,
        0
      ],
      "triggerTime_ms": 66
    },
    {
      "Name": "ProceduralFaceKeyFrame",
      "faceScaleY": 0.9258853693053135,
      "scanlineOpacity": 1.0,
      "faceScaleX": 1.0398544836380976,
      "leftEye": [
        10.08392090459624,
        1.3474360213743992,
        1.4948910538681983,
        1.128298803311329,
        0.0,
        0.6,
        0.6,
        0.6,
        0.6,
        0.6,
        0.6,
        0.6,
        0.6,
        0.0,
        0.0,
        0.0,
        0.0,
        0.0,
        0.0,
        1,
        1.0,
        0.0,
        0.0,
        0.18091540772085857,
        0
      ],
      "faceAngle": 0.0,
      "durationTime_ms": 0,
      "faceCenterY": 1.9001995074350333,
      "faceCenterX": 0.0,
      "rightEye": [
        -9.406900555456815,
        0.0,
        1.5632232863456559,
        1.1794686360411775,
        0.0,
        0.6,
        0.6,
        0.6,
        0.6,
        0.6,
        0.6,
        0.6,
        0.6,
        0.0,
        0.0,
        0.0,
        0.0,
        0.0,
        0.0,
        1,
        1.0,
        0.0,
        0.0,
        0.17300716210609723,
        0
      ],
      "triggerTime_ms": 132
    },
    {
      "Name": "ProceduralFaceKeyFrame",
      "faceScaleY": 0.9233381576254427,
      "scanlineOpacity": 1.0,
      "faceScaleX": 1.0423069237553124,
      "leftEye": [
        10.08392090459624,
        1.3474360213743992,
        1.4948910538681983,
        1.128298803311329,
        0.0,
        0.6,
        0.6,
        0.6,
        0.6,
        0.6,
        0.6,
        0.6,
        0.6,
        0.0,
        0.0,
        0.0,
        0.0,
        0.0,
        0.0,
        1,
        1.0,
        0.0,
        0.0,
        0.18091540772085857,
        0
      ],
      "faceAngle": 0.0,
      "durationTime_ms": 0,
      "faceCenterY": 1.9001995074350333,
      "faceCenterX": 0.0,
      "rightEye": [
        -9.406900555456815,
        0.0,
        1.5632232863456559,
        1.1794686360411775,
        0.0,
        0.6,
        0.6,
        0.6,
        0.6,
        0.6,
        0.6,
        0.6,
        0.6,
        0.0,
        0.0,
        0.0,
        0.0,
        0.0,
        0.0,
        1,
        1.0,
        0.0,
        0.0,
        0.17300716210609723,
        0
      ],
      "triggerTime_ms": 264
    },
    {
      "Name": "ProceduralFaceKeyFrame",
      "faceScaleY": 0.893559155109445,
      "scanlineOpacity": 1.0,
      "faceScaleX": 1.0538538957143921,
      "leftEye": [
        10.08392090459624,
        1.3474360213743992,
        1.4948910538681983,
        1.128298803311329,
        0.0,
        0.6,
        0.6,
        0.6,
        0.6,
        0.6,
        0.6,
        0.6,
        0.6,
        0.0,
        0.0,
        0.0,
        0.0,
        0.0,
        0.0,
        1,
        1.0,
        0.0,
        0.0,
        0.15175951341627325,
        0
      ],
      "faceAngle": 0.0,
      "durationTime_ms": 0,
      "faceCenterY": 2.7686272720059435,
      "faceCenterX": 0.0,
      "rightEye": [
        -9.406900555456815,
        0.0,
        1.5632232863456559,
        1.1794686360411775,
        0.0,
        0.6,
        0.6,
        0.6,
        0.6,
        0.6,
        0.6,
        0.6,
        0.6,
        0.0,
        0.0,
        0.0,
        0.0,
        0.0,
        0.0,
        1,
        1.0,
        0.0,
        0.0,
        0.14729972161609384,
        0
      ],
      "triggerTime_ms": 297
    },
    {
      "Name": "ProceduralFaceKeyFrame",
      "faceScaleY": 0.9141567803989542,
      "scanlineOpacity": 1.0,
      "faceScaleX": 1.0423994186719503,
      "leftEye": [
        10.479239873363525,
        1.3474360213743992,
        1.4948910538681983,
        1.128298803311329,
        0.0,
        0.6,
        0.6,
        0.6,
        0.6,
        0.6,
        0.6,
        0.6,
        0.6,
        0.0,
        0.0,
        0.0,
        0.0,
        0.0,
        0.0,
        1,
        1.0,
        0.0,
        0.0,
        0.06639497343775991,
        0
      ],
      "faceAngle": 0.0,
      "durationTime_ms": 0,
      "faceCenterY": 2.293108567263367,
      "faceCenterX": 0.0,