{
  "anim_avs_back2listen_03": [
    {
      "Name": "ProceduralFaceKeyFrame",
      "faceScaleY": 1.0,
      "scanlineOpacity": 1.0,
      "faceScaleX": 1.0,
      "leftEye": [
        8.107326060759803,
        0.0,
        1.5174507300664741,
        1.1453089027930028,
        0.0,
        0.6,
        0.6,
        0.6,
        0.6,
        0.6,
        0.6,
        0.6,
        0.6,
        0.0,
        0.0,
        0.0,
        0.0,
        0.0,
        0.0,
        1,
        0.0,
        0.0,
        0.0,
        0.0,
        0
      ],
      "faceAngle": 0.0,
      "durationTime_ms": 0,
      "faceCenterY": 0.0,
      "faceCenterX": 0.0,
      "rightEye": [
        -7.315991464547729,
        0.0,
        1.5174507300664741,
        1.144941064931666,
        0.0,
        0.6,
        0.6,
        0.6,
        0.6,
        0.6,
        0.6,
        0.6,
        0.6,
        0.0,
        0.0,
        0.0,
        0.0,
        0.0,
        0.0,
        1,
        0.0,
        0.0,
        0.0,
        0.0,
        0
      ],
      "triggerTime_ms": 0
    },
    {
      "Name": "ProceduralFaceKeyFrame",
      "faceScaleY": 1.0,
      "scanlineOpacity": 1.0,
      "faceScaleX": 1.0,
      "leftEye": [
        8.107326060759803,
        0.0,
        1.5174507300664741,
        1.1453089027930028,
        0.0,
        0.6,
        0.6,
        0.6,
        0.6,
        0.6,
        0.6,
        0.6,
        0.6,
        0.0,
        0.0,
        0.0,
        0.0,
        0.0,
        0.0,
        1,
        0.0,
        0.0,
        0.0,
        0.0,
        0
      ],
      "faceAngle": 0.0,
      "durationTime_ms": 0,
      "faceCenterY": 0.0,
      "faceCenterX": 0.0,
      "rightEye": [
        -7.315991464547729,
        0.0,
        1.5174507300664741,
        1.144941064931666,
        0.0,
        0.6,
        0.6,
        0.6,
        0.6,
        0.6,
        0.6,
        0.6,
        0.6,
        0.0,
        0.0,
        0.0,
        0.0,
        0.0,
        0.0,
        1,
        0.0,
        0.0,
        0.0,
        0.0,
        0
      ],
      "triggerTime_ms": 462
    },
    {
      "animName": "face_alexaint_back2listen",
      "triggerTime_ms": 0,
      "Name": "FaceAnimationKeyFrame"
    }
  ]
}