{
  "anim_inspectheldcube_loop_03": [
    {
      "Name": "ProceduralFaceKeyFrame",
      "faceScaleY": 1.0,
      "scanlineOpacity": 1.0,
      "faceScaleX": 1.0,
      "leftEye": [
        10.08392090459624,
        1.3474360213743992,
        1.4948910538681983,
        1.128298803311329,
        0.0,
        0.6,
        0.6,
        0.6,
        0.6,
        0.6,
        0.6,
        0.6,
        0.6,
        0.0,
        0.0,
        0.0,
        0.0,
        0.0,
        0.0,
        1,
        1.0,
        0.0,
        0.0,
        0.0,
        0
      ],
      "faceAngle": 0.0,
      "durationTime_ms": 0,
      "faceCenterY": -0.3703772520172588,
      "faceCenterX": 0.0,
      "rightEye": [
        -9.406900555456815,
        0.0,
        1.5632232863456559,
        1.1794686360411775,
        0.0,
        0.6,
        0.6,
        0.6,
        0.6,
        0.6,
        0.6,
        0.6,
        0.6,
        0.0,
        0.0,
        0.0,
        0.0,
        0.0,
        0.0,
        1,
        1.0,
        0.0,
        0.0,
        0.0,
        0
      ],
      "triggerTime_ms": 0
    },
    {
      "Name": "ProceduralFaceKeyFrame",
      "faceScaleY": 0.975156464141946,
      "scanlineOpacity": 1.0,
      "faceScaleX": 1.0132323544118502,
      "leftEye": [
        10.294009579284193,
        1.3474360213743992,
        1.4948910538681983,
        1.128298803311329,
        0.0,
        0.6,
        0.6,
        0.6,
        0.6,
        0.6,
        0.6,
        0.6,
        0.6,
        0.0,
        0.0,
        0.0,
        0.0,
        0.0,
        0.0,
        1,
        1.0,
        0.0,
        0.15900918565013064,
        0.0,
        0
      ],
      "faceAngle": 0.0,
      "durationTime_ms": 0,
      "faceCenterY": 0.1715867848195245,
      "faceCenterX": 0.32294182139309324,
      "rightEye": [
        -9.62913948376925,
        0.0,
        1.5632232863456559,
        1.1794686360411775,
        0.0,
        0.6,
        0.6,
        0.6,
        0.6,
        0.6,
        0.6,
        0.6,
        0.6,
        0.0,
        0.0,
        0.0,
        0.0,
        0.0,
        0.0,
        1,
        1.0,
        0.0,
        0.15205851344942664,
        0.0,
        0
      ],
      "triggerTime_ms": 33
    },
    {
      "Name": "ProceduralFaceKeyFrame",
      "faceScaleY": 1.010240803714436,
      "scanlineOpacity": 1.0,
      "faceScaleX": 0.9939130501874923,
      "leftEye": [
        10.812625885729474,
        1.7804417234603775,
        1.481616614671851,
        1.1182898151809695,
        0.0,
        0.6,
        0.6,
        0.6,
        0.6,
        0.6,
        0.6,
        0.6,
        0.6,
        0.0,
        0.0,
        0.0,
        0.0,
        0.0,
        0.0,
        1,
        1.0,
        0.0,
        0.20468193165622992,
        0.0,
        0
      ],
      "faceAngle": 0.0,
      "durationTime_ms": 0,
      "faceCenterY": -0.43840930372995923,
      "faceCenterX": 1.8356190883270869,
      "rightEye": [
        -10.661446010002273,
        0.0,
        1.5703476217515544,
        1.1848427295446038,
        0.0,
        0.6,
        0.6,
        0.6,
        0.6,
        0.6,
        0.6,
        0.6,
        0.6,
        0.0,
        0.0,
        0.0,
        0.0,
        0.0,
        0.0,
        1,
        1.0,
        0.0,
        0.19573479437901825,
        0.0,
        0
      ],
      "triggerTime_ms": 66
    },
    {
      "Name": "ProceduralFaceKeyFrame",
      "faceScaleY": 1.0289069792924692,
      "scanlineOpacity": 1.0,
      "faceScaleX": 0.9841873051993496,
      "leftEye": [
        10.918510577772203,
        1.9034005694797358,
        1.4778471268399955,
        1.1154476040405579,
        0.0,
        0.6,
        0.6,
        0.6,
        0.6,
        0.6,
        0.6,
        0.6,
        0.6,
        0.0,
        0.0,
        0.0,
        0.0,
        0.0,
        0.0,
        1,
        1.0,
        0.0,
        0.21072263016136777,
        0.0,
        0
      ],
      "faceAngle": 0.0,
      "durationTime_ms": 0,
      "faceCenterY": -0.7499213563082661,
      "faceCenterX": 2.2341475948257283,
      "rightEye": [
        -10.061400919454464,
        0.0,
        1.5723706899373635,
        1.186368788745206,
        0.0,
        0.6,
        0.6,
        0.6,
        0.6,
        0.6,
        0.6,
        0.6,
        0.6,
        0.0,
        0.0,
        0.0,
        0.0,
        0.0,
        0.0,
        1,
        1.0,
        0.0,
        0.20151143949000255,
        0.0,
        0
      ],
      "triggerTime_ms": 99
    },
    {
      "Name": "ProceduralFaceKeyFrame",
      "faceScaleY": 1.0320183738585127,
      "scanlineOpacity": 1.0,
      "faceScaleX": 0.9826404188414742,
      "leftEye": [
        10.695171219778643,
        1.9293703591955733,
        1.4770509839881485,
        1.1148473086731725,
        0.0,
        0.6,
        0.6,
        0.6,
        0.6,
        0.6,
        0.6,
        0.6,
        0.6,
        0.0,
        0.0,
        0.0,
        0.0,
        0.0,
        0.0,
        1,
        1.0,
        0.0,
        0.2117597812373358,
        0.0,
        0
      ],
      "faceAngle": 0.0,
      "durationTime_ms": 0,
      "faceCenterY": -0.810126764291805,
      "faceCenterX": 2.3008885629404943,
      "rightEye": [
        -9.674925050708069,
        0.0,
        1.5727979764406705,
        1.1866911033880037,
        0.0,
        0.6,
        0.6,
        0.6,
        0.6,
        0.6,
        0.6,
        0.6,
        0.6,
        0.0,
        0.0,
        0.0,
        0.0,
        0.0,
        0.0,
        1,
        1.0,
        0.0,
        0.20250325420931806,
        0.0,
        0
      ],
      "triggerTime_ms": 132
    },
    {
      "Name": "ProceduralFaceKeyFrame",
      "faceScaleY": 1.015430343473096,
      "scanlineOpacity": 1.0,
      "faceScaleX": 0.9870984593867407,
      "leftEye": [
        10.08392090459624,
        1.9293703591955733,
        1.4770509839881485,
        1.1148473086731725,
        0.0,
        0.6,
        0.6,
        0.6,
        0.6,
        0.6,
        0.6,
        0.6,
        0.6,
        0.0,
        0.0,
        0.0,
        0.0,
        0.0,
        0.0,
        1,
        1.0,
        0.0,
        0.2117597812373358,
        0.0,
        0
      ],
      "faceAngle": 0.0,
      "durationTime_ms": 0,
      "faceCenterY": -0.7470362502464459,
      "faceCenterX": 2.234493581880157,
      "rightEye": [
        -9.406900555456815,
        0.0,
        1.5727979764406705,
        1.1866911033880037,
        0.0,
        0.6,
        0.6,
        0.6,
        0.6,
        0.6,
        0.6,
        0.6,
        0.6,
        0.0,
        0.0,
        0.0,
        0.0,
        0.0,
        0.0,
        1,
        1.0,
        0.0,
        0.20250325420931806,
        0.0,
        0
      ],
      "triggerTime_ms": 198
    },
    {
      "Name": "ProceduralFaceKeyFrame",
      "faceScaleY": 1.0091068167490198,
      "scanlineOpacity": 1.0,
      "faceScaleX": 0.9884412426835076,
      "leftEye": [
        10.08392090459624,
        1.9293703591955733,
        1.4770509839881485,
        1.1148473086731725,
        0.0,
        0.6,
        0.6,
        0.6,
        0.6,
        0.6,
        0.6,
        0.6,
        0.6,
        0.0,
        0.0,
        0.0,
        0.0,
        0.0,
        0.0,
        1,
        1.0,
        0.0,
        0.2117597812373358,
        0.0,
        0
      ],
      "faceAngle": 0.0,
      "durationTime_ms": 0,
      "faceCenterY": -0.7290992200970831,
      "faceCenterX": 2.223464514490449,