{
  "anim_reacttocliff_stuckonedge_02": [
    {
      "durationTime_ms": 66,
      "triggerTime_ms": 0,
      "Name": "LiftHeightKeyFrame",
      "heightVariability_mm": 0,
      "height_mm": 32
    },
    {
      "angleVariability_deg": 0,
      "angle_deg": -17,
      "triggerTime_ms": 0,
      "Name": "HeadAngleKeyFrame",
      "durationTime_ms": 66
    },
    {
      "Name": "ProceduralFaceKeyFrame",
      "faceScaleY": 0.8091652230156485,
      "scanlineOpacity": 1.0,
      "faceScaleX": 1.0028087828652792,
      "leftEye": [
        6.929005297537323,
        0.0,
        1.5793404778527627,
        1.176490213628469,
        0.0,
        0.5791212814195907,
        0.5708212121571481,
        0.4835725098508443,
        0.542957567097164,
        0.6161575302116659,
        0.6527935365232057,
        0.649297654189149,
        0.7050334466084338,
        0.0181902005869663,
        -2.855334812341464,
        0.0,
        0.007735105346230897,
        0.0,
        0.0,
        1,
        1.0,
        0.28312627938197177,
        0.0,
        0.7077918539803851,
        0
      ],
      "faceAngle": 0.8502501984419152,
      "durationTime_ms": 0,
      "faceCenterY": 18.71330881933075,
      "faceCenterX": 0.2639138585256272,
      "rightEye": [
        -10.68451005500848,
        0.919550160690271,
        1.6569698433237736,
        1.2026549009008631,
        0.0,
        0.5791212814195907,
        0.5708212121571481,
        0.4835725098508443,
        0.542957567097164,
        0.6161575302116659,
        0.6527935365232057,
        0.649297654189149,
        0.7050334466084338,
        0.03344400818279358,
        -5.080663867929813,
        0.0,
        0.007946478202676688,
        0.9731581026207959,
        0.0,
        1,
        1.0,
        0.28312627938197177,
        0.0,
        0.7272555567357923,
        0
      ],
      "triggerTime_ms": 0
    },
    {
      "Name": "ProceduralFaceKeyFrame",
      "faceScaleY": 0.8091652230156485,
      "scanlineOpacity": 1.0,
      "faceScaleX": 1.0028087828652792,
      "leftEye": [
        6.929005297537323,
        0.0,
        1.5793404778527627,
        1.176490213628469,
        0.0,
        0.5791212814195907,
        0.5708212121571481,
        0.4835725098508443,
        0.542957567097164,
        0.6161575302116659,
        0.6527935365232057,
        0.649297654189149,
        0.7050334466084338,
        0.0181902005869663,
        -2.855334812341464,
        0.0,
        0.007735105346230897,
        0.0,
        0.0,
        1,
        1.0,
        0.2833418963238414,
        0.0,
        0.7077918539803851,
        0
      ],
      "faceAngle": 0.8502501984419152,
      "durationTime_ms": 0,
      "faceCenterY": 18.71330881933075,
      "faceCenterX": 0.2639138585256272,
      "rightEye": [
        -10.68451005500848,
        0.919550160690271,
        1.6569698433237736,
        1.2026549009008631,
        0.0,
        0.5791212814195907,
        0.5708212121571481,
        0.4835725098508443,
        0.542957567097164,
        0.6161575302116659,
        0.6527935365232057,
        0.649297654189149,
        0.7050334466084338,
        0.03344400818279358,
        -5.080663867929813,
        0.0,
        0.007946478202676688,
        0.9731581026207959,
        0.0,
        1,
        1.0,
        0.2833418963238414,
        0.0,
        0.7272555567357923,
        0
      ],
      "triggerTime_ms": 660
    },
    {
      "eventGroups": [
        {
          "probabilities": [
            1.0
          ],
          "audioName": [
            "Stop__Robot_Vic_Sfx__Head_Mood"
          ],
          "eventIds": [
            3271727348
          ],
          "volumes": [
            1.0
          ]
        }
      ],
      "triggerTime_ms": 0,
      "Name": "RobotAudioKeyFrame"
    }
  ]
}