{
  "anim_fistbump_idle_01": [
    {
      "durationTime_ms": 1716,
      "triggerTime_ms": 0,
      "Name": "LiftHeightKeyFrame",
      "heightVariability_mm": 0,
      "height_mm": 80
    },
    {
      "Name": "ProceduralFaceKeyFrame",
      "faceScaleY": 1.2111011877806206,
      "scanlineOpacity": 1.0,
      "faceScaleX": 1.1412654271804175,
      "leftEye": [
        9.926728753237434,
        0.0,
        1.5174507300664741,
        1.1453089027930028,
        0.0,
        0.7228752273719066,
        0.7228752273719066,
        0.6,
        0.6,
        0.8855042047759007,
        0.7481730683014168,
        0.7228752273719066,
        0.7228752273719066,
        0.0,
        0.0,
        0.0,
        0.0,
        0.0,
        0.0,
        1,
        1.0,
        0.5,
        0.0,
        0.0,
        0
      ],
      "faceAngle": 0.0,
      "durationTime_ms": 0,
      "faceCenterY": -7.936792608524149,
      "faceCenterX": 0.0,
      "rightEye": [
        -8.946288318956846,
        -0.007833424563976621,
        1.5174507300664741,
        1.144941064931666,
        0.0,
        0.7228752273719066,
        0.7228752273719066,
        0.6,
        0.6,
        0.8855042047759007,
        0.7481730683014168,
        0.7228752273719066,
        0.7228752273719066,
        0.0,
        0.0,
        0.0,
        0.0,
        0.0,
        0.0,
        1,
        1.0,
        0.5,
        0.0,
        0.0,
        0
      ],
      "triggerTime_ms": 0
    },
    {
      "Name": "ProceduralFaceKeyFrame",
      "faceScaleY": 1.2111011877806206,
      "scanlineOpacity": 1.0,
      "faceScaleX": 1.1412654271804175,
      "leftEye": [
        9.926728753237434,
        0.0,
        1.5174507300664741,
        1.1453089027930028,
        0.0,
        0.7228752273719066,
        0.7228752273719066,
        0.6,
        0.6,
        0.8855042047759007,
        0.7481730683014168,
        0.7228752273719066,
        0.7228752273719066,
        0.0,
        0.0,
        0.0,
        0.0,
        0.0,
        0.0,
        1,
        1.0,
        0.5,
        0.0,
        0.0,
        0
      ],
      "faceAngle": 0.0,
      "durationTime_ms": 0,
      "faceCenterY": -7.936792608524149,
      "faceCenterX": 0.0,
      "rightEye": [
        -8.946288318956846,
        -0.007833424563976621,
        1.5174507300664741,
        1.144941064931666,
        0.0,
        0.7228752273719066,
        0.7228752273719066,
        0.6,
        0.6,
        0.8855042047759007,
        0.7481730683014168,
        0.7228752273719066,
        0.7228752273719066,
        0.0,
        0.0,
        0.0,
        0.0,
        0.0,
        0.0,
        1,
        1.0,
        0.5,
        0.0,
        0.0,
        0
      ],
      "triggerTime_ms": 330
    },
    {
      "Name": "ProceduralFaceKeyFrame",
      "faceScaleY": 1.1965210091010292,
      "scanlineOpacity": 1.0,
      "faceScaleX": 1.1576310712847027,
      "leftEye": [
        13.280166848502049,
        1.148617594326943,
        1.4941063993078239,
        1.1277071701684855,
        0.0,
        0.8026262625805147,
        0.8026262625805147,
        0.6,
        0.6,
        1.0708080807017841,
        0.8443434342882677,
        0.8026262625805147,
        0.8026262625805147,
        0.0,
        0.0,
        0.0,
        0.0,
        0.0,
        0.0,
        1,
        1.0,
        0.0,
        0.03706155795886592,
        0.0,
        0
      ],
      "faceAngle": 0.0,
      "durationTime_ms": 0,
      "faceCenterY": -5.449526836197941,
      "faceCenterX": 0.0,
      "rightEye": [
        -8.37089536913728,
        0.38033976958065807,
        1.5174507300664741,
        1.158884204148883,
        0.0,
        0.8026262625805147,
        0.8026262625805147,
        0.6,
        0.6,
        1.0708080807017841,
        0.8443434342882677,
        0.8026262625805147,
        0.8026262625805147,
        0.0,
        0.0,
        0.0,
        0.0,
        0.0,
        0.0,
        1,
        1.0,
        0.0,
        0.03706155795886592,
        0.0,
        0
      ],
      "triggerTime_ms": 396
    },
    {
      "Name": "ProceduralFaceKeyFrame",
      "faceScaleY": 1.2059322416528868,
      "scanlineOpacity": 1.0,
      "faceScaleX": 1.1576310712847027,
      "leftEye": [
        16.880924102247363,
        2.297235188653879,
        1.4707620685491736,
        1.0948547641849729,
        0.0,
        0.8026262625805147,
        0.8026262625805147,
        0.6,
        0.6,
        1.0708080807017841,
        0.8443434342882677,
        0.8026262625805147,
        0.8026262625805147,
        0.0,
        0.0,
        0.0,
        0.0,
        0.0,
        0.0,
        1,
        1.0,
        0.0,
        0.04098572291921641,
        0.0,
        0
      ],
      "faceAngle": 0.0,
      "durationTime_ms": 0,
      "faceCenterY": -5.179555428329278,
      "faceCenterX": 0.0,
      "rightEye": [
        -6.737373253518179,
        0.773597175828634,
        1.5174507300664741,
        1.1632028785978894,
        0.0,
        0.8026262625805147,
        0.8026262625805147,
        0.6,
        0.6,
        1.0708080807017841,
        0.8443434342882677,
        0.8026262625805147,
        0.8026262625805147,
        0.0,
        0.0,
        0.0,
        0.0,
        0.0,
        0.0,
        1,
        1.0,
        0.0,
        0.04098572291921641,
        0.0,
        0
      ],
      "triggerTime_ms": 462
    },
    {
      "Name": "ProceduralFaceKeyFrame",
      "faceScaleY": 1.2059322416528868,
      "scanlineOpacity": 1.0,
      "faceScaleX": 1.1576310712847027,
      "leftEye": [
        16.880924102247363,
        2.297235188653879,
        1.4707620685491736,
        1.0948547641849729,
        0.0,
        0.8026262625805147,
        0.8026262625805147,
        0.6,
        0.6,
        1.0708080807017841,
        0.8443434342882677,
        0.8026262625805147,
        0.8026262625805147,
        0.0,
        0.0,
        0.0,
        0.0,
        0.0,
        0.0,
        1,
        1.0,
        0.0,
        0.04098572291921641,
        0.0,
        0
      ],
      "faceAngle": 0.0,
      "durationTime_ms": 0,
      "faceCenterY": -5.179555428329278,
      "faceCenterX": 0.0,
      "rightEye": [
        -6.737373253518179,
        0.773597175828634,
        1.5174507300664741,
        1.1632028785978894,
        0.0,
        0.8026262625805147,
        0.8026262625805147,
        0.6,
        0.6,
        1.0708080807017841,
        0.8443434342882677,
        0.8026262625805147,
        0.8026262625805147,
        0.0,
        0.0,
        0.0,
        0.0,
        0.0,
        0.0,
        1,
        1.0,
        0.0,
        0.04098572291921641,
        0.0,
        0
      ],
      "triggerTime_ms": 1485
    },
    {
      "Name": "ProceduralFaceKeyFrame",
      "faceScaleY": 1.18523733843791,
      "scanlineOpacity": 1.0,
      "faceScaleX": 1.1520854863544292,
      "leftEye": [
        17.126251265667584,
        2.297235188653879,
        1.4707620685491736,
        1.0948547641849729,
        0.0,
        0.8026262625805147,
        0.8026262625805147,
        0.6,
        0.6,
        1.0708080807017841,
        0.8443434342882677,
        0.8026262625805147,
        0.8026262625805147,
        0.0,
        0.0,
        0.0,
        0.0,
        0.0,
        0.0,
        1,
        1.0,
        0.0,
        0.0030521283024948337,
        0.0,
        0
      ],
      "faceAngle": 0.0,
      "durationTime_ms": 0,
      "faceCenterY": -5.179555428329278,
      "faceCenterX": 3.0394584912453615,