{
  "anim_fistbump_idle_03": [
    {
      "durationTime_ms": 2640,
      "triggerTime_ms": 0,
      "Name": "LiftHeightKeyFrame",
      "heightVariability_mm": 0,
      "height_mm": 80
    },
    {
      "Name": "ProceduralFaceKeyFrame",
      "faceScaleY": 1.2111011877806206,
      "scanlineOpacity": 1.0,
      "faceScaleX": 1.1412654271804175,
      "leftEye": [
        9.926728753237434,
        0.0,
        1.5174507300664741,
        1.1453089027930028,
        0.0,
        0.7228752273719066,
        0.7228752273719066,
        0.6,
        0.6,
        0.8855042047759007,
        0.7481730683014168,
        0.7228752273719066,
        0.7228752273719066,
        0.0,
        0.0,
        0.0,
        0.0,
        0.0,
        0.0,
        1,
        1.0,
        0.5,
        0.0,
        0.0,
        0
      ],
      "faceAngle": 0.0,
      "durationTime_ms": 0,
      "faceCenterY": -7.936792608524149,
      "faceCenterX": 0.0,
      "rightEye": [
        -8.946288318956846,
        -0.007833424563976621,
        1.5174507300664741,
        1.144941064931666,
        0.0,
        0.7228752273719066,
        0.7228752273719066,
        0.6,
        0.6,
        0.8855042047759007,
        0.7481730683014168,
        0.7228752273719066,
        0.7228752273719066,
        0.0,
        0.0,
        0.0,
        0.0,
        0.0,
        0.0,
        1,
        1.0,
        0.5,
        0.0,
        0.0,
        0
      ],
      "triggerTime_ms": 0
    },
    {
      "Name": "ProceduralFaceKeyFrame",
      "faceScaleY": 1.2111011877806206,
      "scanlineOpacity": 1.0,
      "faceScaleX": 1.1412654271804175,
      "leftEye": [
        9.926728753237434,
        0.0,
        1.5174507300664741,
        1.1453089027930028,
        0.0,
        0.7228752273719066,
        0.7228752273719066,
        0.6,
        0.6,
        0.8855042047759007,
        0.7481730683014168,
        0.7228752273719066,
        0.7228752273719066,
        0.0,
        0.0,
        0.0,
        0.0,
        0.0,
        0.0,
        1,
        1.0,
        0.5,
        0.0,
        0.0,
        0
      ],
      "faceAngle": 0.0,
      "durationTime_ms": 0,
      "faceCenterY": -7.936792608524149,
      "faceCenterX": 0.0,
      "rightEye": [
        -8.946288318956846,
        -0.007833424563976621,
        1.5174507300664741,
        1.144941064931666,
        0.0,
        0.7228752273719066,
        0.7228752273719066,
        0.6,
        0.6,
        0.8855042047759007,
        0.7481730683014168,
        0.7228752273719066,
        0.7228752273719066,
        0.0,
        0.0,
        0.0,
        0.0,
        0.0,
        0.0,
        1,
        1.0,
        0.5,
        0.0,
        0.0,
        0
      ],
      "triggerTime_ms": 462
    },
    {
      "Name": "ProceduralFaceKeyFrame",
      "faceScaleY": 1.2459281139077694,
      "scanlineOpacity": 1.0,
      "faceScaleX": 1.164571030755918,
      "leftEye": [
        11.107595322438144,
        0.0,
        1.5174507300664741,
        1.1453089027930028,
        0.0,
        0.8026262625805147,
        0.8026262625805147,
        0.6,
        0.6,
        0.8855042047759007,
        0.7481730683014168,
        0.8026262625805147,
        0.8026262625805147,
        0.0,
        0.0,
        0.0,
        0.0,
        0.0,
        0.0,
        1,
        1.0,
        0.5,
        0.0,
        0.0,
        0
      ],
      "faceAngle": 0.0,
      "durationTime_ms": 0,
      "faceCenterY": -8.484746588950072,
      "faceCenterX": 0.0,
      "rightEye": [
        -10.004417484756388,
        -0.012917636667324928,
        1.5174507300664741,
        1.144941064931666,
        0.0,
        0.8026262625805147,
        0.8026262625805147,
        0.6,
        0.6,
        0.8855042047759007,
        0.7481730683014168,
        0.8026262625805147,
        0.8026262625805147,
        0.0,
        0.0,
        0.0,
        0.0,
        0.0,
        0.0,
        1,
        1.0,
        0.5,
        0.0,
        0.0,
        0
      ],
      "triggerTime_ms": 528
    },
    {
      "Name": "ProceduralFaceKeyFrame",
      "faceScaleY": 1.2252724374649246,
      "scanlineOpacity": 1.0,
      "faceScaleX": 1.164571030755918,
      "leftEye": [
        5.8817312214138795,
        0.773597175828634,
        1.5174507300664741,
        1.1731831848274235,
        0.0,
        0.8026262625805147,
        0.8026262625805147,
        0.6,
        0.6,
        0.8855042047759007,
        0.7481730683014168,
        0.8026262625805147,
        0.8026262625805147,
        0.0,
        0.0,
        0.0,
        0.0,
        0.0,
        0.0,
        1,
        1.0,
        0.5,
        0.0,
        0.0,
        0
      ],
      "faceAngle": 0.0,
      "durationTime_ms": 0,
      "faceCenterY": -8.207002647606688,
      "faceCenterX": 0.0,
      "rightEye": [
        -16.856516554944676,
        2.297235188653879,
        1.408990270530151,
        1.0631261842776456,
        0.0,
        0.8026262625805147,
        0.8026262625805147,
        0.6,
        0.6,
        0.8855042047759007,
        0.7481730683014168,
        0.8026262625805147,
        0.8026262625805147,
        0.0,
        0.0,
        0.0,
        0.0,
        0.0,
        0.0,
        1,
        1.0,
        0.5,
        0.0,
        0.0,
        0
      ],
      "triggerTime_ms": 594
    },
    {
      "Name": "ProceduralFaceKeyFrame",
      "faceScaleY": 1.2459281139077694,
      "scanlineOpacity": 1.0,
      "faceScaleX": 1.164571030755918,
      "leftEye": [
        4.203111355419189,
        0.773597175828634,
        1.5174507300664741,
        1.1731831848274235,
        0.0,
        0.8026262625805147,
        0.8026262625805147,
        0.6,
        0.6,
        0.8855042047759007,
        0.7481730683014168,
        0.8026262625805147,
        0.8026262625805147,
        0.0,
        0.0,
        0.0,
        0.0,
        0.0,
        0.0,
        1,
        1.0,
        0.5,
        0.0,
        0.0,
        0
      ],
      "faceAngle": 0.0,
      "durationTime_ms": 0,
      "faceCenterY": -8.207002647606688,
      "faceCenterX": 0.0,
      "rightEye": [
        -20.13760808996832,
        2.297235188653879,
        1.408990270530151,
        1.0353271007732405,
        0.0,
        0.8026262625805147,
        0.8026262625805147,
        0.6,
        0.6,
        0.8855042047759007,
        0.7481730683014168,
        0.8026262625805147,
        0.8026262625805147,
        0.0,
        0.0,
        0.0,
        0.0,
        0.0,
        0.0,
        1,
        1.0,
        0.5,
        0.0,
        0.0,
        0
      ],
      "triggerTime_ms": 660
    },
    {
      "Name": "ProceduralFaceKeyFrame",
      "faceScaleY": 1.2459281139077694,
      "scanlineOpacity": 1.0,
      "faceScaleX": 1.164571030755918,
      "leftEye": [
        4.203111355419189,
        0.773597175828634,
        1.5174507300664741,
        1.1731831848274235,
        0.0,
        0.8026262625805147,
        0.8026262625805147,
        0.6,
        0.6,
        0.8855042047759007,
        0.7481730683014168,
        0.8026262625805147,
        0.8026262625805147,
        0.0,
        0.0,
        0.0,
        0.0,
        0.0,
        0.0,
        1,
        1.0,
        0.5,
        0.0,
        0.0,
        0
      ],
      "faceAngle": 0.0,
      "durationTime_ms": 0,
      "faceCenterY": -8.207002647606688,
      "faceCenterX": 0.0,
      "rightEye": [
        -20.13760808996832,
        2.297235188653879,
        1.408990270530151,
        1.0353271007732405,
        0.0,
        0.8026262625805147,
        0.8026262625805147,
        0.6,
        0.6,
        0.8855042047759007,
        0.7481730683014168,
        0.8026262625805147,
        0.8026262625805147,
        0.0,
        0.0,
        0.0,
        0.0,
        0.0,
        0.0,
        1,
        1.0,
        0.5,
        0.0,
        0.0,
        0
      ],