{
  "anim_fistbump_idle_02": [
    {
      "durationTime_ms": 2277,
      "triggerTime_ms": 0,
      "Name": "LiftHeightKeyFrame",
      "heightVariability_mm": 0,
      "height_mm": 80
    },
    {
      "Name": "ProceduralFaceKeyFrame",
      "faceScaleY": 1.2111011877806206,
      "scanlineOpacity": 1.0,
      "faceScaleX": 1.1412654271804175,
      "leftEye": [
        9.926728753237434,
        0.0,
        1.5174507300664741,
        1.1453089027930028,
        0.0,
        0.7228752273719066,
        0.7228752273719066,
        0.6,
        0.6,
        0.8855042047759007,
        0.7481730683014168,
        0.7228752273719066,
        0.7228752273719066,
        0.0,
        0.0,
        0.0,
        0.0,
        0.0,
        0.0,
        1,
        1.0,
        0.5,
        0.0,
        0.0,
        0
      ],
      "faceAngle": 0.0,
      "durationTime_ms": 0,
      "faceCenterY": -7.936792608524149,
      "faceCenterX": 0.0,
      "rightEye": [
        -8.946288318956846,
        -0.007833424563976621,
        1.5174507300664741,
        1.144941064931666,
        0.0,
        0.7228752273719066,
        0.7228752273719066,
        0.6,
        0.6,
        0.8855042047759007,
        0.7481730683014168,
        0.7228752273719066,
        0.7228752273719066,
        0.0,
        0.0,
        0.0,
        0.0,
        0.0,
        0.0,
        1,
        1.0,
        0.5,
        0.0,
        0.0,
        0
      ],
      "triggerTime_ms": 0
    },
    {
      "Name": "ProceduralFaceKeyFrame",
      "faceScaleY": 1.2111011877806206,
      "scanlineOpacity": 1.0,
      "faceScaleX": 1.1412654271804175,
      "leftEye": [
        9.926728753237434,
        0.0,
        1.5174507300664741,
        1.1453089027930028,
        0.0,
        0.7228752273719066,
        0.7228752273719066,
        0.6,
        0.6,
        0.8855042047759007,
        0.7481730683014168,
        0.7228752273719066,
        0.7228752273719066,
        0.0,
        0.0,
        0.0,
        0.0,
        0.0,
        0.0,
        1,
        1.0,
        0.5,
        0.0,
        0.0,
        0
      ],
      "faceAngle": 0.0,
      "durationTime_ms": 0,
      "faceCenterY": -7.936792608524149,
      "faceCenterX": 0.0,
      "rightEye": [
        -8.946288318956846,
        -0.007833424563976621,
        1.5174507300664741,
        1.144941064931666,
        0.0,
        0.7228752273719066,
        0.7228752273719066,
        0.6,
        0.6,
        0.8855042047759007,
        0.7481730683014168,
        0.7228752273719066,
        0.7228752273719066,
        0.0,
        0.0,
        0.0,
        0.0,
        0.0,
        0.0,
        1,
        1.0,
        0.5,
        0.0,
        0.0,
        0
      ],
      "triggerTime_ms": 1089
    },
    {
      "Name": "ProceduralFaceKeyFrame",
      "faceScaleY": 1.0897972957978779,
      "scanlineOpacity": 1.0,
      "faceScaleX": 1.1038246052736815,
      "leftEye": [
        9.926728753237434,
        0.0,
        1.5174507300664741,
        1.1453089027930028,
        0.0,
        0.7228752273719066,
        0.7228752273719066,
        0.6,
        0.6,
        0.8855042047759007,
        0.7481730683014168,
        0.7228752273719066,
        0.7228752273719066,
        0.0,
        0.0,
        0.0,
        0.0,
        0.0,
        0.0,
        1,
        1.0,
        0.5,
        0.0,
        0.0,
        0
      ],
      "faceAngle": 0.0,
      "durationTime_ms": 0,
      "faceCenterY": -2.1422807399316115,
      "faceCenterX": 0.0,
      "rightEye": [
        -8.946288318956846,
        -0.007833424563976621,
        1.5174507300664741,
        1.144941064931666,
        0.0,
        0.7228752273719066,
        0.7228752273719066,
        0.6,
        0.6,
        0.8855042047759007,
        0.7481730683014168,
        0.7228752273719066,
        0.7228752273719066,
        0.0,
        0.0,
        0.0,
        0.0,
        0.0,
        0.0,
        1,
        1.0,
        0.5,
        0.0,
        0.0,
        0
      ],
      "triggerTime_ms": 1155
    },
    {
      "Name": "ProceduralFaceKeyFrame",
      "faceScaleY": 0.9684934038151336,
      "scanlineOpacity": 1.0,
      "faceScaleX": 1.176682454796602,
      "leftEye": [
        10.564924426775562,
        2.3553456145464224e-06,
        1.6862032497400876,
        1.1453089027930028,
        0.0,
        0.6000000000000022,
        0.6000000000000022,
        0.6000000000000022,
        0.6000000000000022,
        0.6000000000000022,
        0.6000000000000022,
        0.6000000000000022,
        0.6000000000000022,
        0.0,
        0.0,
        0.0,
        0.0,
        0.0,
        0.0,
        1,
        1.0,
        0.5,
        0.0,
        0.0,
        0
      ],
      "faceAngle": 0.0,
      "durationTime_ms": 0,
      "faceCenterY": 3.6522311286610005,
      "faceCenterX": 0.0,
      "rightEye": [
        -9.915492753136917,
        -2.3553429358003086e-06,
        1.5174507300664741,
        1.144941064931666,
        0.0,
        0.6609404868987877,
        0.6609404868987877,
        0.6609404868987877,
        0.6609404868987877,
        0.6609404868987877,
        0.6609404868987877,
        0.6609404868987877,
        0.6609404868987877,
        0.033765498319994425,
        0.803643481469005,
        0.0,
        0.0,
        0.0,
        0.0,
        1,
        1.0,
        0.5,
        0.0,
        0.0,
        0
      ],
      "triggerTime_ms": 1221
    },
    {
      "Name": "ProceduralFaceKeyFrame",
      "faceScaleY": 1.216908055805398,
      "scanlineOpacity": 1.0,
      "faceScaleX": 1.1273106852386932,
      "leftEye": [
        10.916575167164915,
        8.290816566614012e-07,
        1.5109423982340902,
        1.1453089027930028,
        0.0,
        0.6227146323870338,
        0.6227146323870338,
        0.600000000000002,
        0.600000000000002,
        0.6527781164286939,
        0.62739117434907,
        0.6227146323870338,
        0.6227146323870338,
        0.0,
        0.0,
        0.0,
        0.0,
        0.0,
        0.0,
        1,
        1.0,
        0.5,
        0.0,
        0.0,
        0
      ],
      "faceAngle": 0.0,
      "durationTime_ms": 0,
      "faceCenterY": -1.979863245992746,
      "faceCenterX": 0.0,
      "rightEye": [
        -9.973115979226328,
        -0.008371457641139557,
        1.5174507300664741,
        1.144941064931666,
        0.0,
        0.644787705001232,
        0.644787705001232,
        0.6220730726142001,
        0.6220730726142001,
        0.6748511890428918,
        0.6494642469632679,
        0.644787705001232,
        0.644787705001232,
        0.0010241364701355504,
        0.0845279374587942,
        0.0,
        0.0,
        0.0,
        0.0,
        1,
        1.0,
        0.5,
        0.0,
        0.0,
        0
      ],
      "triggerTime_ms": 1287
    },
    {
      "Name": "ProceduralFaceKeyFrame",
      "faceScaleY": 1.264659872640836,
      "scanlineOpacity": 1.0,
      "faceScaleX": 1.1661991443960003,
      "leftEye": [
        11.107595322438144,
        0.0,
        1.5174507300664741,
        1.1453089027930028,
        0.0,
        0.8026262625805147,
        0.8026262625805147,
        0.6,
        0.6,
        1.0708080807017841,
        0.8443434342882677,
        0.8026262625805147,
        0.8026262625805147,
        0.0,
        0.0,
        0.0,
        0.0,
        0.0,
        0.0,
        1,
        1.0,
        0.5,
        0.0,
        0.0,
        0
      ],
      "faceAngle": 0.0,
      "durationTime_ms": 0,
      "faceCenterY": -7.769973822274276,
      "faceCenterX": 0.0,