{
  "anim_avs_listen2weather_03": [
    {
      "Name": "ProceduralFaceKeyFrame",
      "faceScaleY": 1.0,
      "scanlineOpacity": 1.0,
      "faceScaleX": 1.0,
      "leftEye": [
        8.107326060759803,
        0.0,
        1.5174507300664741,
        1.1453089027930028,
        0.0,
        0.6,
        0.6,
        0.6,
        0.6,
        0.6,
        0.6,
        0.6,
        0.6,
        0.0,
        0.0,
        0.0,
        0.0,
        0.0,
        0.0,
        1,
        0.0,
        0.0,
        0.0,
        0.0,
        0
      ],
      "faceAngle": 0.0,
      "durationTime_ms": 0,
      "faceCenterY": 0.0,
      "faceCenterX": 0.0,
      "rightEye": [
        -7.315991464547729,
        0.0,
        1.5174507300664741,
        1.144941064931666,
        0.0,
        0.6,
        0.6,
        0.6,
        0.6,
        0.6,
        0.6,
        0.6,
        0.6,
        0.0,
        0.0,
        0.0,
        0.0,
        0.0,
        0.0,
        1,
        0.0,
        0.0,
        0.0,
        0.0,
        0
      ],
      "triggerTime_ms": 0
    },
    {
      "Name": "ProceduralFaceKeyFrame",
      "faceScaleY": 1.2037558949268472,
      "scanlineOpacity": 1.0,
      "faceScaleX": 1.231199457146733,
      "leftEye": [
        8.107326060759803,
        0.0,
        1.5174507300664741,
        1.1453089027930028,
        0.0,
        0.8914258018652252,
        0.8914258018652252,
        0.8914258018652252,
        0.8914258018652252,
        0.8914258018652252,
        0.8914258018652252,
        0.8914258018652252,
        0.8914258018652252,
        0.0,
        0.0,
        0.0,
        0.0,
        0.0,
        0.0,
        1,
        0.0,
        0.0,
        0.016669942142609726,
        -0.15856226578255092,
        0
      ],
      "faceAngle": 0.0,
      "durationTime_ms": 0,
      "faceCenterY": 0.3315070132906044,
      "faceCenterX": -0.5983551620392262,
      "rightEye": [
        -7.315991464547729,
        0.0,
        1.5174507300664741,
        1.144941064931666,
        0.0,
        0.8914258018652252,
        0.8914258018652252,
        0.8914258018652252,
        0.8914258018652252,
        0.8914258018652252,
        0.8914258018652252,
        0.8914258018652252,
        0.8914258018652252,
        0.0,
        0.0,
        0.0,
        0.0,
        0.0,
        0.0,
        1,
        0.0,
        0.0,
        0.08598701086700765,
        -0.1624896890011115,
        0
      ],
      "triggerTime_ms": 429
    },
    {
      "animName": "face_alexaint_listen2weather",
      "triggerTime_ms": 0,
      "Name": "FaceAnimationKeyFrame"
    }
  ]
}