{
  "anim_qa_intervals_30frame": [
    {
      "durationTime_ms": 0,
      "faceCenterY": 0.0,
      "faceCenterX": 0.0,
      "Name": "ProceduralFaceKeyFrame",
      "faceScaleY": 1.6430950164794922,
      "faceScaleX": 1.6430950164794922,
      "rightEye": [
        -10.206374107265454,
        0.0,
        1.6067932235784708,
        1.144328412849534,
        0.0,
        0.015148292135281256,
        0.015148292135281256,
        0.015148292135281256,
        0.015148292135281256,
        0.015148292135281256,
        0.015148292135281256,
        0.015148292135281256,
        0.015148292135281256,
        0.0,
        0.0,
        0.0,
        0.0,
        0.0,
        0.0
      ],
      "triggerTime_ms": 0,
      "faceAngle": 0.0,
      "leftEye": [
        9.169666010979592,
        0.0,
        1.5857392104814836,
        1.144328412849534,
        0.0,
        0.015148292135281256,
        0.015148292135281256,
        0.015148292135281256,
        0.015148292135281256,
        0.015148292135281256,
        0.015148292135281256,
        0.015148292135281256,
        0.015148292135281256,
        0.0,
        0.0,
        0.0,
        0.0,
        0.0,
        0.0
      ]
    },
    {
      "durationTime_ms": 0,
      "faceCenterY": 0.0,
      "faceCenterX": 0.0,
      "Name": "ProceduralFaceKeyFrame",
      "faceScaleY": 1.6430950164794922,
      "faceScaleX": 1.6430950164794922,
      "rightEye": [
        -10.206374107265454,
        0.0,
        1.6067932235784708,
        1.144328412849534,
        0.0,
        0.015148292135281256,
        0.015148292135281256,
        0.015148292135281256,
        0.015148292135281256,
        0.015148292135281256,
        0.015148292135281256,
        0.015148292135281256,
        0.015148292135281256,
        0.0,
        0.0,
        0.0,
        0.0,
        0.0,
        0.0
      ],
      "triggerTime_ms": 957,
      "faceAngle": 0.0,
      "leftEye": [
        9.169666010979592,
        0.0,
        1.5857392104814836,
        1.144328412849534,
        0.0,
        0.015148292135281256,
        0.015148292135281256,
        0.015148292135281256,
        0.015148292135281256,
        0.015148292135281256,
        0.015148292135281256,
        0.015148292135281256,
        0.015148292135281256,
        0.0,
        0.0,
        0.0,
        0.0,
        0.0,
        0.0
      ]
    },
    {
      "durationTime_ms": 0,
      "faceCenterY": 269.1054284455459,
      "faceCenterX": 305.45760029627115,
      "Name": "ProceduralFaceKeyFrame",
      "faceScaleY": 1.6430950164794922,
      "faceScaleX": 1.6430950164794922,
      "rightEye": [
        -10.206374107265454,
        0.0,
        1.6067932235784708,
        1.144328412849534,
        0.0,
        0.015148292135281256,
        0.015148292135281256,
        0.015148292135281256,
        0.015148292135281256,
        0.015148292135281256,
        0.015148292135281256,
        0.015148292135281256,
        0.015148292135281256,
        0.0,
        0.0,
        0.0,
        0.0,
        0.0,
        0.0
      ],
      "triggerTime_ms": 990,
      "faceAngle": 0.0,
      "leftEye": [
        9.169666010979592,
        0.0,
        1.5857392104814836,
        1.144328412849534,
        0.0,
        0.015148292135281256,
        0.015148292135281256,
        0.015148292135281256,
        0.015148292135281256,
        0.015148292135281256,
        0.015148292135281256,
        0.015148292135281256,
        0.015148292135281256,
        0.0,
        0.0,
        0.0,
        0.0,
        0.0,
        0.0
      ]
    },
    {
      "durationTime_ms": 0,
      "faceCenterY": 269.1054284455459,
      "faceCenterX": 305.45760029627115,
      "Name": "ProceduralFaceKeyFrame",
      "faceScaleY": 1.6430950164794922,
      "faceScaleX": 1.6430950164794922,
      "rightEye": [
        -10.206374107265454,
        0.0,
        1.6067932235784708,
        1.144328412849534,
        0.0,
        0.015148292135281256,
        0.015148292135281256,
        0.015148292135281256,
        0.015148292135281256,
        0.015148292135281256,
        0.015148292135281256,
        0.015148292135281256,
        0.015148292135281256,
        0.0,
        0.0,
        0.0,
        0.0,
        0.0,
        0.0
      ],
      "triggerTime_ms": 1947,
      "faceAngle": 0.0,
      "leftEye": [
        9.169666010979592,
        0.0,
        1.5857392104814836,
        1.144328412849534,
        0.0,
        0.015148292135281256,
        0.015148292135281256,
        0.015148292135281256,
        0.015148292135281256,
        0.015148292135281256,
        0.015148292135281256,
        0.015148292135281256,
        0.015148292135281256,
        0.0,
        0.0,
        0.0,
        0.0,
        0.0,
        0.0
      ]
    },
    {
      "durationTime_ms": 0,
      "faceCenterY": 0.0,
      "faceCenterX": 0.0,
      "Name": "ProceduralFaceKeyFrame",
      "faceScaleY": 1.6430950164794922,
      "faceScaleX": 1.6430950164794922,
      "rightEye": [
        -10.206374107265454,
        0.0,
        1.6067932235784708,
        1.144328412849534,
        0.0,
        0.015148292135281256,
        0.015148292135281256,
        0.015148292135281256,
        0.015148292135281256,
        0.015148292135281256,
        0.015148292135281256,
        0.015148292135281256,
        0.015148292135281256,
        0.0,
        0.0,
        0.0,
        0.0,
        0.0,
        0.0
      ],
      "triggerTime_ms": 1980,
      "faceAngle": 0.0,
      "leftEye": [
        9.169666010979592,
        0.0,
        1.5857392104814836,
        1.144328412849534,
        0.0,
        0.015148292135281256,
        0.015148292135281256,
        0.015148292135281256,
        0.015148292135281256,
        0.015148292135281256,
        0.015148292135281256,
        0.015148292135281256,
        0.015148292135281256,
        0.0,
        0.0,
        0.0,
        0.0,
        0.0,
        0.0
      ]
    },
    {
      "durationTime_ms": 0,
      "faceCenterY": 0.0,
      "faceCenterX": 0.0,
      "Name": "ProceduralFaceKeyFrame",
      "faceScaleY": 1.6430950164794922,
      "faceScaleX": 1.6430950164794922,
      "rightEye": [
        -10.206374107265454,
        0.0,
        1.6067932235784708,
        1.144328412849534,
        0.0,
        0.015148292135281256,
        0.015148292135281256,
        0.015148292135281256,
        0.015148292135281256,
        0.015148292135281256,
        0.015148292135281256,
        0.015148292135281256,
        0.015148292135281256,
        0.0,
        0.0,
        0.0,
        0.0,
        0.0,
        0.0
      ],
      "triggerTime_ms": 2937,
      "faceAngle": 0.0,
      "leftEye": [
        9.169666010979592,
        0.0,
        1.5857392104814836,
        1.144328412849534,
        0.0,
        0.015148292135281256,
        0.015148292135281256,
        0.015148292135281256,
        0.015148292135281256,
        0.015148292135281256,
        0.015148292135281256,
        0.015148292135281256,
        0.015148292135281256,
        0.0,
        0.0,
        0.0,
        0.0,
        0.0,
        0.0
      ]
    },
    {
      "durationTime_ms": 0,
      "faceCenterY": 269.1054284455459,
      "faceCenterX": 305.45760029627115,
      "Name": "ProceduralFaceKeyFrame",
      "faceScaleY": 1.6430950164794922,
      "faceScaleX": 1.6430950164794922,
      "rightEye": [
        -10.206374107265454,
        0.0,
        1.6067932235784708,
        1.144328412849534,
        0.0,
        0.015148292135281256,
        0.015148292135281256,
        0.015148292135281256,
        0.015148292135281256,
        0.015148292135281256,
        0.015148292135281256,
        0.015148292135281256,
        0.015148292135281256,
        0.0,
        0.0,
        0.0,
        0.0,
        0.0,
        0.0
      ],
      "triggerTime_ms": 2970,
      "faceAngle": 0.0,