{
  "anim_qa_sync_5sec": [
    {
      "Name": "ProceduralFaceKeyFrame",
      "faceScaleY": 1.0,
      "scanlineOpacity": 1.0,
      "faceScaleX": 1.0,
      "leftEye": [
        8.107326060759803,
        0.0,
        0.001517450730066705,
        0.0022882467135948437,
        0.0,
        0.6,
        0.6,
        0.6,
        0.6,
        0.6,
        0.6,
        0.6,
        0.6,
        0.0,
        0.0,
        0.0,
        0.0,
        0.0,
        0.0,
        1,
        1.0,
        0.0,
        0.0,
        0.0,
        0
      ],
      "faceAngle": 0.0,
      "durationTime_ms": 0,
      "faceCenterY": 0.0,
      "faceCenterX": 0.0,
      "rightEye": [
        -7.315991464547729,
        0.0,
        0.001517450730066705,
        0.0014284810961715522,
        0.0,
        0.6,
        0.6,
        0.6,
        0.6,
        0.6,
        0.6,
        0.6,
        0.6,
        0.0,
        0.0,
        0.0,
        0.0,
        0.0,
        0.0,
        1,
        1.0,
        0.0,
        0.0,
        0.0,
        0
      ],
      "triggerTime_ms": 627
    },
    {
      "Name": "ProceduralFaceKeyFrame",
      "faceScaleY": 1.2624856530069979,
      "scanlineOpacity": 1.0,
      "faceScaleX": 1.2624856530069979,
      "leftEye": [
        8.107326060759803,
        0.0,
        2.4856672738614343,
        1.8753486243300228,
        0.0,
        0.6,
        0.6,
        0.6,
        0.6,
        0.6,
        0.6,
        0.6,
        0.6,
        0.0,
        0.0,
        0.0,
        0.0,
        0.0,
        0.0,
        1,
        1.0,
        0.0,
        0.0,
        0.0,
        0
      ],
      "faceAngle": 0.0,
      "durationTime_ms": 0,
      "faceCenterY": 0.0,
      "faceCenterX": 0.0,
      "rightEye": [
        -7.315991464547729,
        0.0,
        2.4856672738614343,
        1.8752949774679122,
        0.0,
        0.6,
        0.6,
        0.6,
        0.6,
        0.6,
        0.6,
        0.6,
        0.6,
        0.0,
        0.0,
        0.0,
        0.0,
        0.0,
        0.0,
        1,
        1.0,
        0.0,
        0.0,
        0.0,
        0
      ],
      "triggerTime_ms": 660
    },
    {
      "Name": "ProceduralFaceKeyFrame",
      "faceScaleY": 1.2624856530069979,
      "scanlineOpacity": 1.0,
      "faceScaleX": 1.2624856530069979,
      "leftEye": [
        8.107326060759803,
        0.0,
        2.4856672738614343,
        1.8753486243300228,
        0.0,
        0.6,
        0.6,
        0.6,
        0.6,
        0.6,
        0.6,
        0.6,
        0.6,
        0.0,
        0.0,
        0.0,
        0.0,
        0.0,
        0.0,
        1,
        1.0,
        0.0,
        0.0,
        0.0,
        0
      ],
      "faceAngle": 0.0,
      "durationTime_ms": 0,
      "faceCenterY": 0.0,
      "faceCenterX": 0.0,
      "rightEye": [
        -7.315991464547729,
        0.0,
        2.4856672738614343,
        1.8752949774679122,
        0.0,
        0.6,
        0.6,
        0.6,
        0.6,
        0.6,
        0.6,
        0.6,
        0.6,
        0.0,
        0.0,
        0.0,
        0.0,
        0.0,
        0.0,
        1,
        1.0,
        0.0,
        0.0,
        0.0,
        0
      ],
      "triggerTime_ms": 5610
    },
    {
      "Name": "ProceduralFaceKeyFrame",
      "faceScaleY": 1.0,
      "scanlineOpacity": 1.0,
      "faceScaleX": 1.0,
      "leftEye": [
        8.107326060759803,
        0.0,
        0.001517450730066705,
        0.0022882467135948437,
        0.0,
        0.6,
        0.6,
        0.6,
        0.6,
        0.6,
        0.6,
        0.6,
        0.6,
        0.0,
        0.0,
        0.0,
        0.0,
        0.0,
        0.0,
        1,
        1.0,
        0.0,
        0.0,
        0.0,
        0
      ],
      "faceAngle": 0.0,
      "durationTime_ms": 0,
      "faceCenterY": 0.0,
      "faceCenterX": 0.0,
      "rightEye": [
        -7.315991464547729,
        0.0,
        0.001517450730066705,
        0.0014284810961715522,
        0.0,
        0.6,
        0.6,
        0.6,
        0.6,
        0.6,
        0.6,
        0.6,
        0.6,
        0.0,
        0.0,
        0.0,
        0.0,
        0.0,
        0.0,
        1,
        1.0,
        0.0,
        0.0,
        0.0,
        0
      ],
      "triggerTime_ms": 5643
    },
    {
      "eventGroups": [
        {
          "probabilities": [
            1.0
          ],
          "audioName": [
            "Play__Dev_Robot__Tone_150_Frames_01"
          ],
          "eventIds": [
            1536061703
          ],
          "volumes": [
            1.0
          ]
        }
      ],
      "triggerTime_ms": 660,
      "Name": "RobotAudioKeyFrame"
    },
    {
      "Right": [
        0.0,
        0.0,
        0.0,
        0.0
      ],
      "Name": "BackpackLightsKeyFrame",
      "durationTime_ms": 627,
      "Back": [
        0.0,
        0.0,
        0.0,
        0.0
      ],
      "Middle": [
        0.0,
        0.0,
        0.0,
        0.0
      ],
      "Front": [
        0.0,
        0.0,
        0.0,
        0.0
      ],
      "triggerTime_ms": 0,
      "Left": [
        0.0,
        0.0,
        0.0,
        0.0
      ]
    },
    {
      "Right": [
        0.0,
        0.0,
        0.0,
        0.0
      ],
      "Name": "BackpackLightsKeyFrame",
      "durationTime_ms": 33,
      "Back": [
        0.0,
        0.0,
        0.0,
        0.0
      ],
      "Middle": [
        0.0,
        0.0,
        0.0,
        0.0
      ],
      "Front": [
        0.0,
        0.0,
        0.0,
        0.0
      ],
      "triggerTime_ms": 627,
      "Left": [
        0.0,
        0.0,
        0.0,
        0.0
      ]
    },
    {
      "Right": [
        0.0,
        0.0,
        0.0,
        0.0
      ],
      "Name": "BackpackLightsKeyFrame",
      "durationTime_ms": 4950,
      "Back": [
        1.0,
        1.0,
        1.0,
        0.0
      ],
      "Middle": [
        1.0,
        1.0,
        1.0,
        0.0
      ],
      "Front": [
        1.0,
        1.0,
        1.0,
        0.0
      ],
      "triggerTime_ms": 660,
      "Left": [
        0.0,
        0.0,
        0.0,
        0.0
      ]
    },
    {
      "Right": [
        0.0,
        0.0,
        0.0,
        0.0
      ],
      "Name": "BackpackLightsKeyFrame",
      "durationTime_ms": 33,
      "Back": [
        1.0,
        1.0,
        1.0,
        0.0
      ],
      "Middle": [
        1.0,
        1.0,
        1.0,
        0.0
      ],
      "Front": [
        1.0,
        1.0,
        1.0,
        0.0
      ],
      "triggerTime_ms": 5610,
      "Left": [
        0.0,
        0.0,
        0.0,
        0.0
      ]
    }
  ]
}