{
  "anim_eyepose_sad_down01": [
    {
      "Name": "ProceduralFaceKeyFrame",
      "faceScaleY": 1.0053528458246304,
      "scanlineOpacity": 1.0,
      "faceScaleX": 0.9701441002052964,
      "leftEye": [
        8.107326060759803,
        0.0,
        1.5907666053165617,
        1.2005894095090208,
        0.0,
        0.5535827231170589,
        0.6191011079462149,
        0.4804634405901025,
        0.5372642851572906,
        0.6918779089780946,
        0.7621325250801982,
        0.6174912916031498,
        0.6849841619215289,
        0.09662725502049851,
        -14.076874165945059,
        0.0,
        0.049945373428595397,
        0.0,
        0.0,
        1,
        1.0,
        0.5,
        0.11428571428571445,
        -0.1883137120993414,
        0
      ],
      "faceAngle": 0.0,
      "durationTime_ms": 0,
      "faceCenterY": 0.0,
      "faceCenterX": 0.0,
      "rightEye": [
        -7.315991464547729,
        0.0,
        1.5907666053165617,
        1.2002453630074283,
        0.0,
        0.5535827231170589,
        0.6191011079462149,
        0.4804634405901025,
        0.5372642851572906,
        0.6918779089780946,
        0.7621325250801982,
        0.6174912916031498,
        0.6849841619215289,
        0.09650457569422144,
        -15.075772192512222,
        0.0,
        0.049945373428595397,
        0.0,
        0.0,
        1,
        1.0,
        0.5,
        -0.11428571428571388,
        -0.1883137120993414,
        0
      ],
      "triggerTime_ms": 0
    },
    {
      "Name": "ProceduralFaceKeyFrame",
      "faceScaleY": 1.0053528458246304,
      "scanlineOpacity": 1.0,
      "faceScaleX": 0.9701441002052964,
      "leftEye": [
        8.107326060759803,
        0.0,
        1.5907666053165617,
        1.2005894095090208,
        0.0,
        0.5535827231170589,
        0.6191011079462149,
        0.4804634405901025,
        0.5372642851572906,
        0.6918779089780946,
        0.7621325250801982,
        0.6174912916031498,
        0.6849841619215289,
        0.09662725502049851,
        -14.076874165945059,
        0.0,
        0.049945373428595397,
        0.0,
        0.0,
        1,
        1.0,
        0.5,
        0.11428571428571445,
        -0.1883137120993414,
        0
      ],
      "faceAngle": 0.0,
      "durationTime_ms": 0,
      "faceCenterY": 0.0,
      "faceCenterX": 0.0,
      "rightEye": [
        -7.315991464547729,
        0.0,
        1.5907666053165617,
        1.2002453630074283,
        0.0,
        0.5535827231170589,
        0.6191011079462149,
        0.4804634405901025,
        0.5372642851572906,
        0.6918779089780946,
        0.7621325250801982,
        0.6174912916031498,
        0.6849841619215289,
        0.09650457569422144,
        -15.075772192512222,
        0.0,
        0.049945373428595397,
        0.0,
        0.0,
        1,
        1.0,
        0.5,
        -0.11428571428571388,
        -0.1883137120993414,
        0
      ],
      "triggerTime_ms": 957
    }
  ]
}