{
  "anim_eyepose_scared": [
    {
      "Name": "ProceduralFaceKeyFrame",
      "faceScaleY": 1.2558452369852078,
      "scanlineOpacity": 1.0,
      "faceScaleX": 1.0261522658061275,
      "leftEye": [
        8.107326060759803,
        0.0,
        1.5506879506492677,
        1.1703699197880457,
        0.0,
        0.47581504783194317,
        0.4565510840880475,
        0.434416276544957,
        0.5226076538657823,
        0.6369731460053509,
        0.7016198779518333,
        0.5898344977348707,
        0.6542845223418365,
        0.049192393470918305,
        -10.086,
        0.0,
        0.04577622202809073,
        0.0,
        0.0,
        1,
        1.0,
        0.5,
        0.0857142857142857,
        -0.40968135279868256,
        0
      ],
      "faceAngle": 0.0,
      "durationTime_ms": 0,
      "faceCenterY": 0.0,
      "faceCenterX": 0.0,
      "rightEye": [
        -7.315991464547729,
        0.0,
        1.5506879506492677,
        1.170012867567187,
        0.0,
        0.47581504783194317,
        0.4565510840880475,
        0.434416276544957,
        0.5226076538657823,
        0.6369731460053509,
        0.7016198779518333,
        0.5898344977348707,
        0.6542845223418365,
        0.04919238944358917,
        -10.086128479137438,
        0.0,
        0.07138373748630089,
        1.7172038476764264,
        0.0,
        1,
        1.0,
        0.5,
        -0.08571428571428541,
        -0.40968135279868256,
        0
      ],
      "triggerTime_ms": 0
    },
    {
      "Name": "ProceduralFaceKeyFrame",
      "faceScaleY": 1.2558452369852078,
      "scanlineOpacity": 1.0,
      "faceScaleX": 1.0261522658061275,
      "leftEye": [
        8.107326060759803,
        0.0,
        1.5506879506492677,
        1.1703699197880457,
        0.0,
        0.47581504783194317,
        0.4565510840880475,
        0.434416276544957,
        0.5226076538657823,
        0.6369731460053509,
        0.7016198779518333,
        0.5898344977348707,
        0.6542845223418365,
        0.049192393470918305,
        -10.086,
        0.0,
        0.04577622202809073,
        0.0,
        0.0,
        1,
        1.0,
        0.5,
        0.0857142857142857,
        -0.40968135279868256,
        0
      ],
      "faceAngle": 0.0,
      "durationTime_ms": 0,
      "faceCenterY": 0.0,
      "faceCenterX": 0.0,
      "rightEye": [
        -7.315991464547729,
        0.0,
        1.5506879506492677,
        1.170012867567187,
        0.0,
        0.47581504783194317,
        0.4565510840880475,
        0.434416276544957,
        0.5226076538657823,
        0.6369731460053509,
        0.7016198779518333,
        0.5898344977348707,
        0.6542845223418365,
        0.04919238944358917,
        -10.086128479137438,
        0.0,
        0.07138373748630089,
        1.7172038476764264,
        0.0,
        1,
        1.0,
        0.5,
        -0.08571428571428541,
        -0.40968135279868256,
        0
      ],
      "triggerTime_ms": 957
    }
  ]
}