{
  "anim_eyepose_normal_r": [
    {
      "Name": "ProceduralFaceKeyFrame",
      "faceScaleY": 0.9687013595598533,
      "scanlineOpacity": 1.0,
      "faceScaleX": 0.9687013595598533,
      "leftEye": [
        12.142781387155203,
        0.0,
        1.4922709649882515,
        1.1580218456124358,
        0.0,
        0.5462566012166604,
        0.6047299967166725,
        0.6398740778207334,
        0.7036830366629756,
        0.6399141683007753,
        0.703662246277647,
        0.4755521032279382,
        0.5317674007312724,
        0.0,
        0.0,
        0.0,
        0.0,
        0.0,
        0.015399618580638182,
        1,
        1.0,
        0.5,
        0.4123371448500097,
        0.0,
        0
      ],
      "faceAngle": 0.0,
      "durationTime_ms": 0,
      "faceCenterY": 0.0,
      "faceCenterX": 9.484863688346243,
      "rightEye": [
        -7.877015833969658,
        -0.3119009788791587,
        1.5204900004741035,
        1.224971389442193,
        0.0,
        0.5462953959840261,
        0.6047098782705618,
        0.4629935891327268,
        0.5450966142758308,
        0.5522096872455055,
        0.6501874205634136,
        0.47558825895174456,
        0.5317486508577615,
        0.0,
        0.0,
        0.0,
        0.0,
        0.0,
        0.0,
        1,
        1.0,
        0.5,
        0.24970465947128795,
        0.0,
        0
      ],
      "triggerTime_ms": 0
    },
    {
      "Name": "ProceduralFaceKeyFrame",
      "faceScaleY": 0.9687013595598533,
      "scanlineOpacity": 1.0,
      "faceScaleX": 0.9687013595598533,
      "leftEye": [
        12.142781387155203,
        0.0,
        1.4922709649882515,
        1.1580218456124358,
        0.0,
        0.5462566012166604,
        0.6047299967166725,
        0.6398740778207334,
        0.7036830366629756,
        0.6399141683007753,
        0.703662246277647,
        0.4755521032279382,
        0.5317674007312724,
        0.0,
        0.0,
        0.0,
        0.0,
        0.0,
        0.015399618580638182,
        1,
        1.0,
        0.5,
        0.4123371448500097,
        0.0,
        0
      ],
      "faceAngle": 0.0,
      "durationTime_ms": 0,
      "faceCenterY": 0.0,
      "faceCenterX": 9.484863688346243,
      "rightEye": [
        -7.877015833969658,
        -0.3119009788791587,
        1.5204900004741035,
        1.224971389442193,
        0.0,
        0.5462953959840261,
        0.6047098782705618,
        0.4629935891327268,
        0.5450966142758308,
        0.5522096872455055,
        0.6501874205634136,
        0.47558825895174456,
        0.5317486508577615,
        0.0,
        0.0,
        0.0,
        0.0,
        0.0,
        0.0,
        1,
        1.0,
        0.5,
        0.24970465947128795,
        0.0,
        0
      ],
      "triggerTime_ms": 957
    }
  ]
}