{
  "anim_eyepose_focused": [
    {
      "Name": "ProceduralFaceKeyFrame",
      "faceScaleY": 0.8285136143043429,
      "scanlineOpacity": 1.0,
      "faceScaleX": 0.9785448037534374,
      "leftEye": [
        8.107326060759803,
        0.0,
        1.5855063806247458,
        1.196623175928479,
        0.0,
        0.4610340059065386,
        0.5155184043425876,
        0.4186131001593329,
        0.5035661363440318,
        0.6506969713803059,
        0.7167454327707886,
        0.48491846307243575,
        0.5378254538898882,
        0.052769511430241556,
        0.0,
        0.0,
        0.03838409307556012,
        0.0,
        0.0,
        1,
        1.0,
        0.5,
        0.17142857142857146,
        0.0,
        0
      ],
      "faceAngle": 0.0,
      "durationTime_ms": 0,
      "faceCenterY": 0.0,
      "faceCenterX": 0.0,
      "rightEye": [
        -7.315991464547729,
        0.0,
        1.5855063806247458,
        1.1962774224582724,
        0.0,
        0.4610340059065386,
        0.5155184043425876,
        0.4186131001593329,
        0.5035661363440318,
        0.6506969713803059,
        0.7167454327707886,
        0.48491846307243575,
        0.5378254538898882,
        0.052769511430241556,
        0.0,
        0.0,
        0.03838409307556012,
        0.0,
        0.0,
        1,
        1.0,
        0.5,
        -0.17142857142857137,
        0.0,
        0
      ],
      "triggerTime_ms": 0
    },
    {
      "Name": "ProceduralFaceKeyFrame",
      "faceScaleY": 0.8285136143043429,
      "scanlineOpacity": 1.0,
      "faceScaleX": 0.9785448037534374,
      "leftEye": [
        8.107326060759803,
        0.0,
        1.5855063806247458,
        1.196623175928479,
        0.0,
        0.4610340059065386,
        0.5155184043425876,
        0.4186131001593329,
        0.5035661363440318,
        0.6506969713803059,
        0.7167454327707886,
        0.48491846307243575,
        0.5378254538898882,
        0.052769511430241556,
        0.0,
        0.0,
        0.03838409307556012,
        0.0,
        0.0,
        1,
        1.0,
        0.5,
        0.17142857142857146,
        0.0,
        0
      ],
      "faceAngle": 0.0,
      "durationTime_ms": 0,
      "faceCenterY": 0.0,
      "faceCenterX": 0.0,
      "rightEye": [
        -7.315991464547729,
        0.0,
        1.5855063806247458,
        1.1962774224582724,
        0.0,
        0.4610340059065386,
        0.5155184043425876,
        0.4186131001593329,
        0.5035661363440318,
        0.6506969713803059,
        0.7167454327707886,
        0.48491846307243575,
        0.5378254538898882,
        0.052769511430241556,
        0.0,
        0.0,
        0.03838409307556012,
        0.0,
        0.0,
        1,
        1.0,
        0.5,
        -0.17142857142857137,
        0.0,
        0
      ],
      "triggerTime_ms": 957
    }
  ]
}