{
  "anim_eyepose_curious": [
    {
      "Name": "ProceduralFaceKeyFrame",
      "faceScaleY": 1.0651487803082709,
      "scanlineOpacity": 1.0,
      "faceScaleX": 0.9749010158432679,
      "leftEye": [
        8.107326060759803,
        0.0,
        1.5989466956463083,
        1.1453089027930028,
        0.0,
        0.4939051626438526,
        0.5523085770003507,
        0.5608125567086282,
        0.5791440668907788,
        0.6936300157286882,
        0.780807132929412,
        0.5374504378663092,
        0.5961370824995641,
        0.0,
        -0.7970601913435532,
        -0.14583334377849466,
        0.0,
        0.0,
        0.0,
        1,
        1.0,
        0.5,
        0.0,
        0.0,
        0
      ],
      "faceAngle": 0.0,
      "durationTime_ms": 0,
      "faceCenterY": 0.0,
      "faceCenterX": 0.0,
      "rightEye": [
        -7.315991464547729,
        1.0219525223344306,
        1.5989466956463083,
        1.1196454976440522,
        0.0,
        0.4939051626438526,
        0.5523085770003507,
        0.5608125567086282,
        0.5791440668907788,
        0.6936300157286882,
        0.780807132929412,
        0.5374504378663092,
        0.5961370824995641,
        0.0,
        -0.7970601913435532,
        -0.14583334377849466,
        0.0,
        0.0,
        0.0,
        1,
        1.0,
        0.5,
        0.0,
        0.0,
        0
      ],
      "triggerTime_ms": 0
    },
    {
      "Name": "ProceduralFaceKeyFrame",
      "faceScaleY": 1.0651487803082709,
      "scanlineOpacity": 1.0,
      "faceScaleX": 0.9749010158432679,
      "leftEye": [
        8.107326060759803,
        0.0,
        1.5989466956463083,
        1.1453089027930028,
        0.0,
        0.4939051626438526,
        0.5523085770003507,
        0.5608125567086282,
        0.5791440668907788,
        0.6936300157286882,
        0.780807132929412,
        0.5374504378663092,
        0.5961370824995641,
        0.0,
        -0.7970601913435532,
        -0.14583334377849466,
        0.0,
        0.0,
        0.0,
        1,
        1.0,
        0.5,
        0.0,
        0.0,
        0
      ],
      "faceAngle": 0.0,
      "durationTime_ms": 0,
      "faceCenterY": 0.0,
      "faceCenterX": 0.0,
      "rightEye": [
        -7.315991464547729,
        1.0219525223344306,
        1.5989466956463083,
        1.1196454976440522,
        0.0,
        0.4939051626438526,
        0.5523085770003507,
        0.5608125567086282,
        0.5791440668907788,
        0.6936300157286882,
        0.780807132929412,
        0.5374504378663092,
        0.5961370824995641,
        0.0,
        -0.7970601913435532,
        -0.14583334377849466,
        0.0,
        0.0,
        0.0,
        1,
        1.0,
        0.5,
        0.0,
        0.0,
        0
      ],
      "triggerTime_ms": 957
    }
  ]
}