{
  "anim_eyepose_suspicious": [
    {
      "Name": "ProceduralFaceKeyFrame",
      "faceScaleY": 0.7245532853738358,
      "scanlineOpacity": 1.0,
      "faceScaleX": 0.9909283927063485,
      "leftEye": [
        8.107326060759803,
        0.03396175952068603,
        1.57695325301248,
        1.1253323053314566,
        0.0,
        0.5511313131423464,
        0.616090909087276,
        0.6141689222510043,
        0.6869106086774517,
        0.674860675451696,
        0.743377178699864,
        0.5142538527508891,
        0.5703883711371872,
        0.10118829900110038,
        0.0,
        0.0,
        0.2239664600393928,
        4.846143721689942,
        0.0,
        1,
        1.0,
        0.5,
        0.0,
        -0.15287803946735057,
        0
      ],
      "faceAngle": 0.0,
      "durationTime_ms": 0,
      "faceCenterY": 0.0,
      "faceCenterX": 0.0,
      "rightEye": [
        -7.315991464547729,
        0.0,
        1.57695325301248,
        1.163391289214148,
        0.0,
        0.5511313131423464,
        0.616090909087276,
        0.6141689222510043,
        0.6869106086774517,
        0.6677696911552509,
        0.7355619326758243,
        0.5142538527508891,
        0.5703883711371872,
        0.07202317450796936,
        0.0,
        0.0,
        0.19771029041107935,
        -0.5361406109116235,
        0.0,
        1,
        1.0,
        0.5,
        0.0,
        -0.15287803946735057,
        0
      ],
      "triggerTime_ms": 0
    },
    {
      "Name": "ProceduralFaceKeyFrame",
      "faceScaleY": 0.7245532853738358,
      "scanlineOpacity": 1.0,
      "faceScaleX": 0.9909283927063485,
      "leftEye": [
        8.107326060759803,
        0.03396175952068603,
        1.57695325301248,
        1.1253323053314566,
        0.0,
        0.5511313131423464,
        0.616090909087276,
        0.6141689222510043,
        0.6869106086774517,
        0.674860675451696,
        0.743377178699864,
        0.5142538527508891,
        0.5703883711371872,
        0.10118829900110038,
        0.0,
        0.0,
        0.2239664600393928,
        4.846143721689942,
        0.0,
        1,
        1.0,
        0.5,
        0.0,
        -0.15287803946735057,
        0
      ],
      "faceAngle": 0.0,
      "durationTime_ms": 0,
      "faceCenterY": 0.0,
      "faceCenterX": 0.0,
      "rightEye": [
        -7.315991464547729,
        0.0,
        1.57695325301248,
        1.163391289214148,
        0.0,
        0.5511313131423464,
        0.616090909087276,
        0.6141689222510043,
        0.6869106086774517,
        0.6677696911552509,
        0.7355619326758243,
        0.5142538527508891,
        0.5703883711371872,
        0.07202317450796936,
        0.0,
        0.0,
        0.19771029041107935,
        -0.5361406109116235,
        0.0,
        1,
        1.0,
        0.5,
        0.0,
        -0.15287803946735057,
        0
      ],
      "triggerTime_ms": 957
    }
  ]
}