{
  "anim_eyepose_blink": [
    {
      "Name": "ProceduralFaceKeyFrame",
      "faceScaleY": 0.07350000020918068,
      "scanlineOpacity": 1.0,
      "faceScaleX": 1.426999999903594,
      "leftEye": [
        8.107326060759803,
        0.0,
        1.8439612019891098,
        1.1453089027930028,
        0.0,
        0.01,
        0.01,
        0.01,
        0.01,
        0.01,
        0.01,
        0.01,
        0.01,
        0.0,
        0.0,
        0.0,
        0.0,
        0.0,
        0.0,
        1,
        1.0,
        0.5,
        0.2857142857142856,
        0.0,
        0
      ],
      "faceAngle": 0.0,
      "durationTime_ms": 0,
      "faceCenterY": 15.606212277856287,
      "faceCenterX": 0.0,
      "rightEye": [
        -7.315991464547729,
        0.0,
        1.8439612019891098,
        1.144941064931666,
        0.0,
        0.01,
        0.01,
        0.01,
        0.01,
        0.01,
        0.01,
        0.01,
        0.01,
        0.0,
        0.0,
        0.0,
        0.0,
        0.0,
        0.015399618580638182,
        1,
        1.0,
        0.5,
        -0.2857142857142856,
        0.0,
        0
      ],
      "triggerTime_ms": 0
    },
    {
      "Name": "ProceduralFaceKeyFrame",
      "faceScaleY": 0.07350000020918068,
      "scanlineOpacity": 1.0,
      "faceScaleX": 1.426999999903594,
      "leftEye": [
        8.107326060759803,
        0.0,
        1.8439612019891098,
        1.1453089027930028,
        0.0,
        0.01,
        0.01,
        0.01,
        0.01,
        0.01,
        0.01,
        0.01,
        0.01,
        0.0,
        0.0,
        0.0,
        0.0,
        0.0,
        0.0,
        1,
        1.0,
        0.5,
        0.2857142857142856,
        0.0,
        0
      ],
      "faceAngle": 0.0,
      "durationTime_ms": 0,
      "faceCenterY": 15.606212277856287,
      "faceCenterX": 0.0,
      "rightEye": [
        -7.315991464547729,
        0.0,
        1.8439612019891098,
        1.144941064931666,
        0.0,
        0.01,
        0.01,
        0.01,
        0.01,
        0.01,
        0.01,
        0.01,
        0.01,
        0.0,
        0.0,
        0.0,
        0.0,
        0.0,
        0.015399618580638182,
        1,
        1.0,
        0.5,
        -0.2857142857142856,
        0.0,
        0
      ],
      "triggerTime_ms": 957
    }
  ]
}