{
  "anim_eyepose_worried": [
    {
      "Name": "ProceduralFaceKeyFrame",
      "faceScaleY": 1.0409613994785676,
      "scanlineOpacity": 1.0,
      "faceScaleX": 0.9756993691740209,
      "leftEye": [
        8.107326060759803,
        0.0,
        1.583348076839229,
        1.1949958049600022,
        0.0,
        0.5353432448208176,
        0.5986870543408387,
        0.4186131001593329,
        0.5035661363440318,
        0.6506969713803059,
        0.7167454327707886,
        0.5620412829678206,
        0.6234334526128874,
        0.03868013973181672,
        -9.515902919148521,
        0.0,
        0.07686405200348434,
        0.0,
        0.0,
        1,
        1.0,
        0.5,
        0.0857142857142857,
        -0.3747259651880532,
        0
      ],
      "faceAngle": 0.0,
      "durationTime_ms": 0,
      "faceCenterY": 0.0,
      "faceCenterX": 0.0,
      "rightEye": [
        -7.315991464547729,
        0.0,
        1.583348076839229,
        1.1946493511096714,
        0.0,
        0.5353432448208176,
        0.5986870543408387,
        0.4186131001593329,
        0.5035661363440318,
        0.6506969713803059,
        0.7167454327707886,
        0.5620412829678206,
        0.6234334526128874,
        0.03868013973181672,
        -10.514800945715589,
        0.0,
        0.07686405200348434,
        0.0,
        0.0,
        1,
        1.0,
        0.5,
        -0.08571428571428541,
        -0.3747259651880532,
        0
      ],
      "triggerTime_ms": 0
    },
    {
      "Name": "ProceduralFaceKeyFrame",
      "faceScaleY": 1.0409613994785676,
      "scanlineOpacity": 1.0,
      "faceScaleX": 0.9756993691740209,
      "leftEye": [
        8.107326060759803,
        0.0,
        1.583348076839229,
        1.1949958049600022,
        0.0,
        0.5353432448208176,
        0.5986870543408387,
        0.4186131001593329,
        0.5035661363440318,
        0.6506969713803059,
        0.7167454327707886,
        0.5620412829678206,
        0.6234334526128874,
        0.03868013973181672,
        -9.515902919148521,
        0.0,
        0.07686405200348434,
        0.0,
        0.0,
        1,
        1.0,
        0.5,
        0.0857142857142857,
        -0.3747259651880532,
        0
      ],
      "faceAngle": 0.0,
      "durationTime_ms": 0,
      "faceCenterY": 0.0,
      "faceCenterX": 0.0,
      "rightEye": [
        -7.315991464547729,
        0.0,
        1.583348076839229,
        1.1946493511096714,
        0.0,
        0.5353432448208176,
        0.5986870543408387,
        0.4186131001593329,
        0.5035661363440318,
        0.6506969713803059,
        0.7167454327707886,
        0.5620412829678206,
        0.6234334526128874,
        0.03868013973181672,
        -10.514800945715589,
        0.0,
        0.07686405200348434,
        0.0,
        0.0,
        1,
        1.0,
        0.5,
        -0.08571428571428541,
        -0.3747259651880532,
        0
      ],
      "triggerTime_ms": 957
    }
  ]
}