{
  "anim_eyepose_normal_l_push": [
    {
      "Name": "ProceduralFaceKeyFrame",
      "faceScaleY": 1.0,
      "scanlineOpacity": 1.0,
      "faceScaleX": 1.0,
      "leftEye": [
        8.637678088347883,
        -0.3119009788791587,
        1.5204900004741035,
        1.2253047990527945,
        0.0,
        0.47558825895174456,
        0.5317486508577615,
        0.46303568158416303,
        0.5450747856949837,
        0.6399141683007753,
        0.703662246277647,
        0.5462953959840261,
        0.6047098782705618,
        0.0,
        0.0,
        0.0,
        0.0,
        0.0,
        0.0,
        1,
        1.0,
        0.5,
        -0.3641948946992507,
        0.0,
        0
      ],
      "faceAngle": 0.0,
      "durationTime_ms": 0,
      "faceCenterY": 0.0,
      "faceCenterX": -19.796940045602824,
      "rightEye": [
        -11.5848330302479,
        0.0,
        1.4922709649882515,
        1.157659479086548,
        0.0,
        0.4755521032279382,
        0.5317674007312724,
        0.4629935891327268,
        0.5450966142758308,
        0.6398740778207334,
        0.7036830366629756,
        0.5462566012166604,
        0.6047299967166725,
        0.0,
        0.0,
        0.0,
        0.0,
        0.0,
        0.015399618580638182,
        1,
        1.0,
        0.5,
        -0.5289924051213346,
        0.0,
        0
      ],
      "triggerTime_ms": 0
    },
    {
      "Name": "ProceduralFaceKeyFrame",
      "faceScaleY": 1.0,
      "scanlineOpacity": 1.0,
      "faceScaleX": 1.0,
      "leftEye": [
        8.637678088347883,
        -0.3119009788791587,
        1.5204900004741035,
        1.2253047990527945,
        0.0,
        0.47558825895174456,
        0.5317486508577615,
        0.46303568158416303,
        0.5450747856949837,
        0.6399141683007753,
        0.703662246277647,
        0.5462953959840261,
        0.6047098782705618,
        0.0,
        0.0,
        0.0,
        0.0,
        0.0,
        0.0,
        1,
        1.0,
        0.5,
        -0.3641948946992507,
        0.0,
        0
      ],
      "faceAngle": 0.0,
      "durationTime_ms": 0,
      "faceCenterY": 0.0,
      "faceCenterX": -19.796940045602824,
      "rightEye": [
        -11.5848330302479,
        0.0,
        1.4922709649882515,
        1.157659479086548,
        0.0,
        0.4755521032279382,
        0.5317674007312724,
        0.4629935891327268,
        0.5450966142758308,
        0.6398740778207334,
        0.7036830366629756,
        0.5462566012166604,
        0.6047299967166725,
        0.0,
        0.0,
        0.0,
        0.0,
        0.0,
        0.015399618580638182,
        1,
        1.0,
        0.5,
        -0.5289924051213346,
        0.0,
        0
      ],
      "triggerTime_ms": 957
    }
  ]
}