{
  "anim_eyepose_concerned": [
    {
      "Name": "ProceduralFaceKeyFrame",
      "faceScaleY": 1.0,
      "scanlineOpacity": 1.0,
      "faceScaleX": 1.0,
      "leftEye": [
        8.107326060759803,
        0.0,
        1.5852677612600818,
        1.1964432558314213,
        0.0,
        0.4850726028735822,
        0.5424229681197424,
        0.4403033668144848,
        0.4923161849136411,
        0.7037763019567445,
        0.775246200774766,
        0.5916164758903805,
        0.6562625566495575,
        0.051531406213625175,
        -6.891756419969276,
        0.0,
        0.04582407436566793,
        0.0,
        0.0,
        1,
        1.0,
        0.5,
        0.08571428571428555,
        -0.371964194176871,
        0
      ],
      "faceAngle": 0.0,
      "durationTime_ms": 0,
      "faceCenterY": 0.0,
      "faceCenterX": 0.0,
      "rightEye": [
        -7.315991464547729,
        0.0,
        1.5852677612600818,
        1.196097424928065,
        0.0,
        0.4850726028735822,
        0.5424229681197424,
        0.4403033668144848,
        0.4923161849136411,
        0.7037763019567445,
        0.775246200774766,
        0.5916164758903805,
        0.6562625566495575,
        0.05150237429570992,
        -7.890654446536358,
        0.0,
        0.04582407436566793,
        0.0,
        0.0,
        1,
        1.0,
        0.5,
        -0.08571428571428563,
        -0.371964194176871,
        0
      ],
      "triggerTime_ms": 0
    },
    {
      "Name": "ProceduralFaceKeyFrame",
      "faceScaleY": 1.0,
      "scanlineOpacity": 1.0,
      "faceScaleX": 1.0,
      "leftEye": [
        8.107326060759803,
        0.0,
        1.5852677612600818,
        1.1964432558314213,
        0.0,
        0.4850726028735822,
        0.5424229681197424,
        0.4403033668144848,
        0.4923161849136411,
        0.7037763019567445,
        0.775246200774766,
        0.5916164758903805,
        0.6562625566495575,
        0.051531406213625175,
        -6.891756419969276,
        0.0,
        0.04582407436566793,
        0.0,
        0.0,
        1,
        1.0,
        0.5,
        0.08571428571428555,
        -0.371964194176871,
        0
      ],
      "faceAngle": 0.0,
      "durationTime_ms": 0,
      "faceCenterY": 0.0,
      "faceCenterX": 0.0,
      "rightEye": [
        -7.315991464547729,
        0.0,
        1.5852677612600818,
        1.196097424928065,
        0.0,
        0.4850726028735822,
        0.5424229681197424,
        0.4403033668144848,
        0.4923161849136411,
        0.7037763019567445,
        0.775246200774766,
        0.5916164758903805,
        0.6562625566495575,
        0.05150237429570992,
        -7.890654446536358,
        0.0,
        0.04582407436566793,
        0.0,
        0.0,
        1,
        1.0,
        0.5,
        -0.08571428571428563,
        -0.371964194176871,
        0
      ],
      "triggerTime_ms": 957
    }
  ]
}