{
  "anim_eyepose_startled": [
    {
      "Name": "ProceduralFaceKeyFrame",
      "faceScaleY": 1.239999999945814,
      "scanlineOpacity": 1.0,
      "faceScaleX": 1.0959999999783256,
      "leftEye": [
        10.479239873363525,
        0.0,
        1.5174507300664741,
        1.1453089027930028,
        0.0,
        0.5143550614772774,
        0.570500715013243,
        0.6318005548701967,
        0.7008677537449881,
        0.8953807768193676,
        0.9803338130040664,
        0.5836707227067617,
        0.6474425987004165,
        0.005744298822150329,
        0.0,
        0.0,
        0.0,
        0.0,
        0.0,
        1,
        1.0,
        0.5,
        0.0,
        0.0,
        0
      ],
      "faceAngle": 0.0,
      "durationTime_ms": 0,
      "faceCenterY": -5.617528775828922,
      "faceCenterX": 0.0,
      "rightEye": [
        -9.82508237363863,
        0.0,
        1.5174507300664741,
        1.144941064931666,
        0.0,
        0.5143550614772774,
        0.570500715013243,
        0.6318005548701967,
        0.7008677537449881,
        0.8953807768193676,
        0.9803338130040664,
        0.5836707227067617,
        0.6474425987004165,
        0.005744298822150329,
        0.0,
        0.0,
        0.0,
        0.0,
        0.015399618580638182,
        1,
        1.0,
        0.5,
        0.0,
        0.0,
        0
      ],
      "triggerTime_ms": 0
    },
    {
      "Name": "ProceduralFaceKeyFrame",
      "faceScaleY": 1.239999999945814,
      "scanlineOpacity": 1.0,
      "faceScaleX": 1.0959999999783256,
      "leftEye": [
        10.479239873363525,
        0.0,
        1.5174507300664741,
        1.1453089027930028,
        0.0,
        0.5143550614772774,
        0.570500715013243,
        0.6318005548701967,
        0.7008677537449881,
        0.8953807768193676,
        0.9803338130040664,
        0.5836707227067617,
        0.6474425987004165,
        0.005744298822150329,
        0.0,
        0.0,
        0.0,
        0.0,
        0.0,
        1,
        1.0,
        0.5,
        0.0,
        0.0,
        0
      ],
      "faceAngle": 0.0,
      "durationTime_ms": 0,
      "faceCenterY": -5.617528775828922,
      "faceCenterX": 0.0,
      "rightEye": [
        -9.82508237363863,
        0.0,
        1.5174507300664741,
        1.144941064931666,
        0.0,
        0.5143550614772774,
        0.570500715013243,
        0.6318005548701967,
        0.7008677537449881,
        0.8953807768193676,
        0.9803338130040664,
        0.5836707227067617,
        0.6474425987004165,
        0.005744298822150329,
        0.0,
        0.0,
        0.0,
        0.0,
        0.015399618580638182,
        1,
        1.0,
        0.5,
        0.0,
        0.0,
        0
      ],
      "triggerTime_ms": 957
    }
  ]
}