{
  "anim_eyepose_scrutinizing": [
    {
      "Name": "ProceduralFaceKeyFrame",
      "faceScaleY": 0.7832989050016884,
      "scanlineOpacity": 1.0,
      "faceScaleX": 0.9670160870411658,
      "leftEye": [
        8.107326060759803,
        -0.4619887404617913,
        1.582948489968425,
        1.1366556959402179,
        0.0,
        0.47581504783194317,
        0.4565510840880475,
        0.434416276544957,
        0.5226076538657823,
        0.5564441553975411,
        0.6128657858037103,
        0.5153030286849766,
        0.5715529791241277,
        0.07322797327413111,
        0.0,
        0.0,
        0.13371477813938037,
        2.021314426468675,
        0.0,
        1,
        1.0,
        0.5,
        0.1321438821951354,
        -0.1317594041991018,
        0
      ],
      "faceAngle": 0.0,
      "durationTime_ms": 0,
      "faceCenterY": 0.0,
      "faceCenterX": 0.0,
      "rightEye": [
        -7.315991464547729,
        0.0,
        1.597701051470176,
        1.2054762175223832,
        0.0,
        0.47581504783194317,
        0.4565510840880475,
        0.434416276544957,
        0.5226076538657823,
        0.5564441553975411,
        0.6128657858037103,
        0.5153030286849766,
        0.5715529791241277,
        0.06581340640272137,
        1.369899428130366,
        0.0,
        0.13257570080723435,
        -0.7034584483763142,
        0.0,
        1,
        1.0,
        0.5,
        -0.0733086177694503,
        -0.12601218949677453,
        0
      ],
      "triggerTime_ms": 0
    },
    {
      "Name": "ProceduralFaceKeyFrame",
      "faceScaleY": 0.7832989050016884,
      "scanlineOpacity": 1.0,
      "faceScaleX": 0.9670160870411658,
      "leftEye": [
        8.107326060759803,
        -0.4619887404617913,
        1.582948489968425,
        1.1366556959402179,
        0.0,
        0.47581504783194317,
        0.4565510840880475,
        0.434416276544957,
        0.5226076538657823,
        0.5564441553975411,
        0.6128657858037103,
        0.5153030286849766,
        0.5715529791241277,
        0.07322797327413111,
        0.0,
        0.0,
        0.13371477813938037,
        2.021314426468675,
        0.0,
        1,
        1.0,
        0.5,
        0.1321438821951354,
        -0.1317594041991018,
        0
      ],
      "faceAngle": 0.0,
      "durationTime_ms": 0,
      "faceCenterY": 0.0,
      "faceCenterX": 0.0,
      "rightEye": [
        -7.315991464547729,
        0.0,
        1.597701051470176,
        1.2054762175223832,
        0.0,
        0.47581504783194317,
        0.4565510840880475,
        0.434416276544957,
        0.5226076538657823,
        0.5564441553975411,
        0.6128657858037103,
        0.5153030286849766,
        0.5715529791241277,
        0.06581340640272137,
        1.369899428130366,
        0.0,
        0.13257570080723435,
        -0.7034584483763142,
        0.0,
        1,
        1.0,
        0.5,
        -0.0733086177694503,
        -0.12601218949677453,
        0
      ],
      "triggerTime_ms": 957
    }
  ]
}