{
  "anim_eyepose_bothered": [
    {
      "Name": "ProceduralFaceKeyFrame",
      "faceScaleY": 0.9820382562650773,
      "scanlineOpacity": 1.0,
      "faceScaleX": 0.9820382562650773,
      "leftEye": [
        8.107326060759803,
        0.0,
        1.567079485411333,
        1.162684766149897,
        0.0,
        0.536200356726564,
        0.5996463541686915,
        0.5055184450956999,
        0.5653064361855691,
        0.6648146481637162,
        0.7507848089776143,
        0.5750784461395115,
        0.6379049858071822,
        0.11495596598413726,
        0.0,
        0.0,
        0.21582877138794454,
        9.726182382697521,
        0.0,
        1,
        1.0,
        0.5,
        0.05714285714285714,
        -0.5472735383814379,
        0
      ],
      "faceAngle": 0.0,
      "durationTime_ms": 0,
      "faceCenterY": 0.0,
      "faceCenterX": 0.0,
      "rightEye": [
        -7.315991464547729,
        0.0,
        1.567079485411333,
        1.1623244064294191,
        0.0,
        0.536200356726564,
        0.5996463541686915,
        0.5055184450956999,
        0.5653064361855691,
        0.6648146481637162,
        0.7507848089776143,
        0.5750784461395115,
        0.6379049858071822,
        0.11495596598413726,
        0.0,
        0.0,
        0.15750861318666431,
        1.3707532937907596,
        0.0,
        1,
        1.0,
        0.5,
        -0.05714285714285683,
        -0.5472735383814379,
        0
      ],
      "triggerTime_ms": 0
    },
    {
      "Name": "ProceduralFaceKeyFrame",
      "faceScaleY": 0.9820382562650773,
      "scanlineOpacity": 1.0,
      "faceScaleX": 0.9820382562650773,
      "leftEye": [
        8.107326060759803,
        0.0,
        1.567079485411333,
        1.162684766149897,
        0.0,
        0.536200356726564,
        0.5996463541686915,
        0.5055184450956999,
        0.5653064361855691,
        0.6648146481637162,
        0.7507848089776143,
        0.5750784461395115,
        0.6379049858071822,
        0.11495596598413726,
        0.0,
        0.0,
        0.21582877138794454,
        9.726182382697521,
        0.0,
        1,
        1.0,
        0.5,
        0.05714285714285714,
        -0.5472735383814379,
        0
      ],
      "faceAngle": 0.0,
      "durationTime_ms": 0,
      "faceCenterY": 0.0,
      "faceCenterX": 0.0,
      "rightEye": [
        -7.315991464547729,
        0.0,
        1.567079485411333,
        1.1623244064294191,
        0.0,
        0.536200356726564,
        0.5996463541686915,
        0.5055184450956999,
        0.5653064361855691,
        0.6648146481637162,
        0.7507848089776143,
        0.5750784461395115,
        0.6379049858071822,
        0.11495596598413726,
        0.0,
        0.0,
        0.15750861318666431,
        1.3707532937907596,
        0.0,
        1,
        1.0,
        0.5,
        -0.05714285714285683,
        -0.5472735383814379,
        0
      ],
      "triggerTime_ms": 957
    }
  ]
}