{
  "anim_eyepose_bliss": [
    {
      "Name": "ProceduralFaceKeyFrame",
      "faceScaleY": 0.7363471444753508,
      "scanlineOpacity": 1.0,
      "faceScaleX": 1.0809768929355699,
      "leftEye": [
        8.107326060759803,
        0.0,
        1.5645321825072358,
        1.1808085342026176,
        -3.9128951576530295,
        0.6403209805838039,
        0.716180608182137,
        0.5759674306810387,
        0.6442280314496492,
        0.7197463681406091,
        0.7928474238249517,
        0.6443576031692195,
        0.7148063490427946,
        0.0,
        0.0,
        0.0,
        0.6129358562728959,
        3.890984553482386,
        0.11583596631429767,
        1,
        1.0,
        0.5,
        0.07512772738626833,
        -0.9814752922429222,
        0
      ],
      "faceAngle": 0.0,
      "durationTime_ms": 0,
      "faceCenterY": -6.265046294146849,
      "faceCenterX": 0.0,
      "rightEye": [
        -7.315991464547729,
        0.0,
        1.5645321825072358,
        1.1804559745026404,
        3.18386995791646,
        0.6403209805838039,
        0.716180608182137,
        0.5759674306810387,
        0.6442280314496492,
        0.7197463681406091,
        0.7928474238249517,
        0.6443576031692195,
        0.7148063490427946,
        0.0,
        0.0,
        0.0,
        0.6131642136138511,
        3.890984553482386,
        0.11583596631429767,
        1,
        1.0,
        0.5,
        -0.0734237795265742,
        -0.9814752922429222,
        0
      ],
      "triggerTime_ms": 0
    },
    {
      "Name": "ProceduralFaceKeyFrame",
      "faceScaleY": 0.7363471444753508,
      "scanlineOpacity": 1.0,
      "faceScaleX": 1.0809768929355699,
      "leftEye": [
        8.107326060759803,
        0.0,
        1.5645321825072358,
        1.1808085342026176,
        -3.9128951576530295,
        0.6403209805838039,
        0.716180608182137,
        0.5759674306810387,
        0.6442280314496492,
        0.7197463681406091,
        0.7928474238249517,
        0.6443576031692195,
        0.7148063490427946,
        0.0,
        0.0,
        0.0,
        0.6129358562728959,
        3.890984553482386,
        0.11583596631429767,
        1,
        1.0,
        0.5,
        0.07512772738626833,
        -0.9814752922429222,
        0
      ],
      "faceAngle": 0.0,
      "durationTime_ms": 0,
      "faceCenterY": -6.265046294146849,
      "faceCenterX": 0.0,
      "rightEye": [
        -7.315991464547729,
        0.0,
        1.5645321825072358,
        1.1804559745026404,
        3.18386995791646,
        0.6403209805838039,
        0.716180608182137,
        0.5759674306810387,
        0.6442280314496492,
        0.7197463681406091,
        0.7928474238249517,
        0.6443576031692195,
        0.7148063490427946,
        0.0,
        0.0,
        0.0,
        0.6131642136138511,
        3.890984553482386,
        0.11583596631429767,
        1,
        1.0,
        0.5,
        -0.0734237795265742,
        -0.9814752922429222,
        0
      ],
      "triggerTime_ms": 957
    }
  ]
}