{
  "anim_eyepose_blink_bd_l": [
    {
      "Name": "ProceduralFaceKeyFrame",
      "faceScaleY": 0.5400000001038566,
      "scanlineOpacity": 1.0,
      "faceScaleX": 0.9700000000067732,
      "leftEye": [
        9.660677798110513,
        -0.7049092382830651,
        1.5605856813192662,
        1.285151259521104,
        0.0,
        0.2483838384632246,
        0.2865810480298716,
        0.2483838384632246,
        0.2865810480298716,
        0.3037004895200267,
        0.3461770076123762,
        0.2739025097287745,
        0.3163790278211238,
        0.0653531321340759,
        0.0,
        0.0,
        0.056016970400634025,
        0.0,
        0.007699809290319091,
        1,
        1.0,
        0.5,
        0.0,
        0.0,
        0
      ],
      "faceAngle": 0.0,
      "durationTime_ms": 0,
      "faceCenterY": 7.803106138928143,
      "faceCenterX": 0.0,
      "rightEye": [
        -8.952673561604506,
        0.0,
        1.5605856813192662,
        1.144941064931666,
        0.0,
        0.2483838384632246,
        0.2865810480298716,
        0.2483838384632246,
        0.2865810480298716,
        0.3037004895200267,
        0.3461770076123762,
        0.2739025097287745,
        0.3163790278211238,
        0.07334073658602969,
        0.0,
        0.0,
        0.06286348850230827,
        0.0,
        0.0,
        1,
        1.0,
        0.5,
        0.0,
        0.0,
        0
      ],
      "triggerTime_ms": 0
    },
    {
      "Name": "ProceduralFaceKeyFrame",
      "faceScaleY": 0.5400000001038566,
      "scanlineOpacity": 1.0,
      "faceScaleX": 0.9700000000067732,
      "leftEye": [
        9.660677798110513,
        -0.7049092382830651,
        1.5605856813192662,
        1.285151259521104,
        0.0,
        0.2483838384632246,
        0.2865810480298716,
        0.2483838384632246,
        0.2865810480298716,
        0.3037004895200267,
        0.3461770076123762,
        0.2739025097287745,
        0.3163790278211238,
        0.0653531321340759,
        0.0,
        0.0,
        0.056016970400634025,
        0.0,
        0.007699809290319091,
        1,
        1.0,
        0.5,
        0.0,
        0.0,
        0
      ],
      "faceAngle": 0.0,
      "durationTime_ms": 0,
      "faceCenterY": 7.803106138928143,
      "faceCenterX": 0.0,
      "rightEye": [
        -8.952673561604506,
        0.0,
        1.5605856813192662,
        1.144941064931666,
        0.0,
        0.2483838384632246,
        0.2865810480298716,
        0.2483838384632246,
        0.2865810480298716,
        0.3037004895200267,
        0.3461770076123762,
        0.2739025097287745,
        0.3163790278211238,
        0.07334073658602969,
        0.0,
        0.0,
        0.06286348850230827,
        0.0,
        0.0,
        1,
        1.0,
        0.5,
        0.0,
        0.0,
        0
      ],
      "triggerTime_ms": 957
    }
  ]
}