{
  "anim_eyepose_unsure": [
    {
      "Name": "ProceduralFaceKeyFrame",
      "faceScaleY": 0.96871395934811,
      "scanlineOpacity": 1.0,
      "faceScaleX": 0.96871395934811,
      "leftEye": [
        8.107326060759803,
        0.8771540530458566,
        1.5554565728468623,
        1.1353811046113826,
        0.0,
        0.4464124111732095,
        0.4991535712133537,
        0.4779693873647623,
        0.5344728820584831,
        0.7229532309000842,
        0.7466125235856508,
        0.5165765462466678,
        0.5729666111715924,
        0.08556274107533912,
        0.0,
        0.0,
        0.12696664467446217,
        4.746333220797183,
        0.0,
        1,
        1.0,
        0.5,
        0.1714285714285716,
        -0.03235221317446754,
        0
      ],
      "faceAngle": 0.0,
      "durationTime_ms": 0,
      "faceCenterY": 0.0,
      "faceCenterX": 0.0,
      "rightEye": [
        -7.315991464547729,
        0.0,
        1.5554565728468623,
        1.128706979576696,
        0.0,
        0.4464124111732095,
        0.4991535712133537,
        0.4779693873647623,
        0.5344728820584831,
        0.7229532309000842,
        0.7466125235856508,
        0.5165765462466678,
        0.5729666111715924,
        0.06609872185168064,
        1.3829715908182671,
        0.0,
        0.054524144882020176,
        -1.3900515910524738,
        0.0,
        1,
        1.0,
        0.5,
        -0.17142857142857126,
        -0.03235221317446754,
        0
      ],
      "triggerTime_ms": 0
    },
    {
      "Name": "ProceduralFaceKeyFrame",
      "faceScaleY": 0.96871395934811,
      "scanlineOpacity": 1.0,
      "faceScaleX": 0.96871395934811,
      "leftEye": [
        8.107326060759803,
        0.8771540530458566,
        1.5554565728468623,
        1.1353811046113826,
        0.0,
        0.4464124111732095,
        0.4991535712133537,
        0.4779693873647623,
        0.5344728820584831,
        0.7229532309000842,
        0.7466125235856508,
        0.5165765462466678,
        0.5729666111715924,
        0.08556274107533912,
        0.0,
        0.0,
        0.12696664467446217,
        4.746333220797183,
        0.0,
        1,
        1.0,
        0.5,
        0.1714285714285716,
        -0.03235221317446754,
        0
      ],
      "faceAngle": 0.0,
      "durationTime_ms": 0,
      "faceCenterY": 0.0,
      "faceCenterX": 0.0,
      "rightEye": [
        -7.315991464547729,
        0.0,
        1.5554565728468623,
        1.128706979576696,
        0.0,
        0.4464124111732095,
        0.4991535712133537,
        0.4779693873647623,
        0.5344728820584831,
        0.7229532309000842,
        0.7466125235856508,
        0.5165765462466678,
        0.5729666111715924,
        0.06609872185168064,
        1.3829715908182671,
        0.0,
        0.054524144882020176,
        -1.3900515910524738,
        0.0,
        1,
        1.0,
        0.5,
        -0.17142857142857126,
        -0.03235221317446754,
        0
      ],
      "triggerTime_ms": 957
    }
  ]
}