{
  "anim_eyepose_joy": [
    {
      "Name": "ProceduralFaceKeyFrame",
      "faceScaleY": 0.9810178172530238,
      "scanlineOpacity": 1.0,
      "faceScaleX": 0.9951421678018002,
      "leftEye": [
        8.107326060759803,
        0.0,
        1.5914260967030474,
        1.2010866690438133,
        0.0,
        0.7165928980718544,
        0.8015459342565534,
        0.6597606074523467,
        0.7379378963302698,
        0.8357848172368632,
        0.9207378534215621,
        0.7761888576543589,
        0.8611418938390578,
        0.0,
        0.0,
        0.0,
        0.1934640540853152,
        6.076187686512405,
        0.04055438736290714,
        1,
        1.0,
        0.5,
        0.0,
        0.0,
        0
      ],
      "faceAngle": 0.0,
      "durationTime_ms": 0,
      "faceCenterY": -1.4043821939572663,
      "faceCenterX": 0.0,
      "rightEye": [
        -7.315991464547729,
        0.0,
        1.5914260967030474,
        1.2007428365503983,
        0.0,
        0.7165928980718544,
        0.8015459342565534,
        0.6597606074523467,
        0.7379378963302698,
        0.8357848172368632,
        0.9207378534215621,
        0.7761888576543589,
        0.8611418938390578,
        0.0,
        0.0,
        0.0,
        0.1934640540853152,
        6.076187686512405,
        0.04055438736290714,
        1,
        1.0,
        0.5,
        0.0,
        0.0,
        0
      ],
      "triggerTime_ms": 0
    },
    {
      "Name": "ProceduralFaceKeyFrame",
      "faceScaleY": 0.9810178172530238,
      "scanlineOpacity": 1.0,
      "faceScaleX": 0.9951421678018002,
      "leftEye": [
        8.107326060759803,
        0.0,
        1.5914260967030474,
        1.2010866690438133,
        0.0,
        0.7165928980718544,
        0.8015459342565534,
        0.6597606074523467,
        0.7379378963302698,
        0.8357848172368632,
        0.9207378534215621,
        0.7761888576543589,
        0.8611418938390578,
        0.0,
        0.0,
        0.0,
        0.1934640540853152,
        6.076187686512405,
        0.04055438736290714,
        1,
        1.0,
        0.5,
        0.0,
        0.0,
        0
      ],
      "faceAngle": 0.0,
      "durationTime_ms": 0,
      "faceCenterY": -1.4043821939572663,
      "faceCenterX": 0.0,
      "rightEye": [
        -7.315991464547729,
        0.0,
        1.5914260967030474,
        1.2007428365503983,
        0.0,
        0.7165928980718544,
        0.8015459342565534,
        0.6597606074523467,
        0.7379378963302698,
        0.8357848172368632,
        0.9207378534215621,
        0.7761888576543589,
        0.8611418938390578,
        0.0,
        0.0,
        0.0,
        0.1934640540853152,
        6.076187686512405,
        0.04055438736290714,
        1,
        1.0,
        0.5,
        0.0,
        0.0,
        0
      ],
      "triggerTime_ms": 957
    }
  ]
}