{
  "anim_eyepose_asleep": [
    {
      "Name": "ProceduralFaceKeyFrame",
      "faceScaleY": 0.7773789468448858,
      "scanlineOpacity": 1.0,
      "faceScaleX": 1.1072127419876558,
      "leftEye": [
        8.107326060759803,
        0.0,
        1.6135183442977428,
        1.2177443252112479,
        1.5297171265734606,
        0.4588096241984097,
        0.5130288239559637,
        0.4588096241984097,
        0.5130288239559637,
        0.5990416675995398,
        0.6598141393683259,
        0.49684528934311145,
        0.551064489100666,
        0.6937994268443004,
        0.0,
        0.17152779012170283,
        0.0,
        0.0,
        0.0,
        1,
        1.0,
        0.5,
        0.0,
        0.0,
        0
      ],
      "faceAngle": 0.0,
      "durationTime_ms": 0,
      "faceCenterY": 16.150395230508103,
      "faceCenterX": 0.0,
      "rightEye": [
        -7.315991464547729,
        0.0,
        1.6135183442977428,
        1.2174076617601213,
        -1.529513245699975,
        0.4587575757894648,
        0.5129898990095436,
        0.4587575757894648,
        0.5129898990095436,
        0.5990416675995398,
        0.6598141393683259,
        0.49684528934311145,
        0.551064489100666,
        0.6932223669176385,
        0.0,
        0.17152779012170283,
        0.0,
        0.0,
        0.0,
        1,
        1.0,
        0.5,
        0.0,
        0.0,
        0
      ],
      "triggerTime_ms": 0
    },
    {
      "Name": "ProceduralFaceKeyFrame",
      "faceScaleY": 0.7773789468448858,
      "scanlineOpacity": 1.0,
      "faceScaleX": 1.1072127419876558,
      "leftEye": [
        8.107326060759803,
        0.0,
        1.6135183442977428,
        1.2177443252112479,
        1.5297171265734606,
        0.4588096241984097,
        0.5130288239559637,
        0.4588096241984097,
        0.5130288239559637,
        0.5990416675995398,
        0.6598141393683259,
        0.49684528934311145,
        0.551064489100666,
        0.6937994268443004,
        0.0,
        0.17152779012170283,
        0.0,
        0.0,
        0.0,
        1,
        1.0,
        0.5,
        0.0,
        0.0,
        0
      ],
      "faceAngle": 0.0,
      "durationTime_ms": 0,
      "faceCenterY": 16.150395230508103,
      "faceCenterX": 0.0,
      "rightEye": [
        -7.315991464547729,
        0.0,
        1.6135183442977428,
        1.2174076617601213,
        -1.529513245699975,
        0.4587575757894648,
        0.5129898990095436,
        0.4587575757894648,
        0.5129898990095436,
        0.5990416675995398,
        0.6598141393683259,
        0.49684528934311145,
        0.551064489100666,
        0.6932223669176385,
        0.0,
        0.17152779012170283,
        0.0,
        0.0,
        0.0,
        1,
        1.0,
        0.5,
        0.0,
        0.0,
        0
      ],
      "triggerTime_ms": 957
    }
  ]
}