{
  "anim_eyepose_sad_down": [
    {
      "Name": "ProceduralFaceKeyFrame",
      "faceScaleY": 0.8137159640596502,
      "scanlineOpacity": 1.0,
      "faceScaleX": 0.9897847390550188,
      "leftEye": [
        8.107326060759803,
        0.0,
        1.589595041010149,
        1.199706044640389,
        0.0,
        0.5286243894671835,
        0.5911671532160285,
        0.40178112783426606,
        0.44920118794010644,
        0.5760911389495997,
        0.6345194806464097,
        0.5126497940203664,
        0.5686078312406884,
        0.10817549488787737,
        -15.31500581201681,
        0.0,
        0.0,
        0.0,
        0.0,
        1,
        1.0,
        0.5,
        0.2857142857142856,
        0.568494511856479,
        0
      ],
      "faceAngle": 0.0,
      "durationTime_ms": 0,
      "faceCenterY": 16.699995277865874,
      "faceCenterX": 0.0,
      "rightEye": [
        -7.315991464547729,
        0.0,
        1.589595041010149,
        1.199361617960455,
        0.0,
        0.5286243894671835,
        0.5911671532160285,
        0.40178112783426606,
        0.44920118794010644,
        0.5760911389495997,
        0.6345194806464097,
        0.5126497940203664,
        0.5686078312406884,
        0.10796283934014184,
        -15.31500581201681,
        0.0,
        0.0,
        0.0,
        0.0,
        1,
        1.0,
        0.5,
        -0.2857142857142856,
        0.568494511856479,
        0
      ],
      "triggerTime_ms": 0
    },
    {
      "Name": "ProceduralFaceKeyFrame",
      "faceScaleY": 0.8137159640596502,
      "scanlineOpacity": 1.0,
      "faceScaleX": 0.9897847390550188,
      "leftEye": [
        8.107326060759803,
        0.0,
        1.589595041010149,
        1.199706044640389,
        0.0,
        0.5286243894671835,
        0.5911671532160285,
        0.40178112783426606,
        0.44920118794010644,
        0.5760911389495997,
        0.6345194806464097,
        0.5126497940203664,
        0.5686078312406884,
        0.10817549488787737,
        -15.31500581201681,
        0.0,
        0.0,
        0.0,
        0.0,
        1,
        1.0,
        0.5,
        0.2857142857142856,
        0.568494511856479,
        0
      ],
      "faceAngle": 0.0,
      "durationTime_ms": 0,
      "faceCenterY": 16.699995277865874,
      "faceCenterX": 0.0,
      "rightEye": [
        -7.315991464547729,
        0.0,
        1.589595041010149,
        1.199361617960455,
        0.0,
        0.5286243894671835,
        0.5911671532160285,
        0.40178112783426606,
        0.44920118794010644,
        0.5760911389495997,
        0.6345194806464097,
        0.5126497940203664,
        0.5686078312406884,
        0.10796283934014184,
        -15.31500581201681,
        0.0,
        0.0,
        0.0,
        0.0,
        1,
        1.0,
        0.5,
        -0.2857142857142856,
        0.568494511856479,
        0
      ],
      "triggerTime_ms": 957
    }
  ]
}