{
  "anim_eyepose_furious": [
    {
      "Name": "ProceduralFaceKeyFrame",
      "faceScaleY": 1.0758142259386556,
      "scanlineOpacity": 1.0,
      "faceScaleX": 1.0436069977629874,
      "leftEye": [
        8.107326060759803,
        0.0,
        1.5789623504857606,
        1.1453089027930028,
        0.0,
        0.5378050193243414,
        0.6227580555090404,
        0.5974009789068458,
        0.6823540150915448,
        0.74170415746153,
        0.817047946419967,
        0.5477771110390411,
        0.6185200804492107,
        0.2943764732620092,
        18.440347486905715,
        0.020000001192092984,
        0.0,
        0.0,
        0.0,
        1,
        1.0,
        0.5,
        0.05714285714285713,
        0.22473763057859097,
        0
      ],
      "faceAngle": 0.0,
      "durationTime_ms": 0,
      "faceCenterY": 0.0,
      "faceCenterX": 0.0,
      "rightEye": [
        -7.315991464547729,
        0.0,
        1.5789623504857606,
        1.144941064931666,
        0.0,
        0.5378050193243414,
        0.6227580555090404,
        0.5974009789068458,
        0.6823540150915448,
        0.74170415746153,
        0.817047946419967,
        0.5477771110390411,
        0.6185200804492107,
        0.2943764732620092,
        18.440347486905715,
        0.020000001192092984,
        0.0,
        0.0,
        0.0,
        1,
        1.0,
        0.5,
        -0.05714285714285683,
        0.22473763057859097,
        0
      ],
      "triggerTime_ms": 0
    },
    {
      "Name": "ProceduralFaceKeyFrame",
      "faceScaleY": 1.0758142259386556,
      "scanlineOpacity": 1.0,
      "faceScaleX": 1.0436069977629874,
      "leftEye": [
        8.107326060759803,
        0.0,
        1.5789623504857606,
        1.1453089027930028,
        0.0,
        0.5378050193243414,
        0.6227580555090404,
        0.5974009789068458,
        0.6823540150915448,
        0.74170415746153,
        0.817047946419967,
        0.5477771110390411,
        0.6185200804492107,
        0.2943764732620092,
        18.440347486905715,
        0.020000001192092984,
        0.0,
        0.0,
        0.0,
        1,
        1.0,
        0.5,
        0.05714285714285713,
        0.22473763057859097,
        0
      ],
      "faceAngle": 0.0,
      "durationTime_ms": 0,
      "faceCenterY": 0.0,
      "faceCenterX": 0.0,
      "rightEye": [
        -7.315991464547729,
        0.0,
        1.5789623504857606,
        1.144941064931666,
        0.0,
        0.5378050193243414,
        0.6227580555090404,
        0.5974009789068458,
        0.6823540150915448,
        0.74170415746153,
        0.817047946419967,
        0.5477771110390411,
        0.6185200804492107,
        0.2943764732620092,
        18.440347486905715,
        0.020000001192092984,
        0.0,
        0.0,
        0.0,
        1,
        1.0,
        0.5,
        -0.05714285714285683,
        0.22473763057859097,
        0
      ],
      "triggerTime_ms": 957
    }
  ]
}