{
  "anim_eyepose_awe": [
    {
      "Name": "ProceduralFaceKeyFrame",
      "faceScaleY": 1.1228937072315575,
      "scanlineOpacity": 1.0,
      "faceScaleX": 1.0239236688051818,
      "leftEye": [
        8.107326060759803,
        0.0,
        1.5614896834537184,
        1.1785144759405053,
        0.0,
        0.4757307668388712,
        0.4116098635531654,
        0.5405226460954637,
        0.5135858586053688,
        0.7595558572716226,
        0.8338368333475359,
        0.686598462327725,
        0.7616946166373266,
        0.0,
        0.0,
        0.0,
        0.0,
        0.0,
        0.0,
        1,
        1.0,
        0.5,
        0.0857142857142857,
        -0.10060770059754615,
        0
      ],
      "faceAngle": 0.0,
      "durationTime_ms": 0,
      "faceCenterY": 0.0,
      "faceCenterX": 0.0,
      "rightEye": [
        -7.315991464547729,
        0.0,
        1.5614896834537184,
        1.1781609289347197,
        0.0,
        0.475444444472566,
        0.4116767677192864,
        0.5018817588316025,
        0.5157959015408492,
        0.7595558572716226,
        0.8338368333475359,
        0.686598462327725,
        0.7616946166373266,
        0.0,
        0.0,
        0.0,
        0.0,
        0.0,
        0.0,
        1,
        1.0,
        0.5,
        -0.08571428571428541,
        -0.10060770059754615,
        0
      ],
      "triggerTime_ms": 0
    }
  ]
}