{
  "anim_eyepose_angry": [
    {
      "Name": "ProceduralFaceKeyFrame",
      "faceScaleY": 0.9941769640734807,
      "scanlineOpacity": 1.0,
      "faceScaleX": 1.039999999990969,
      "leftEye": [
        9.654527423127632,
        0.0,
        1.5174507300664741,
        1.1453089027930028,
        0.0,
        0.5325119657569051,
        0.6166225688569077,
        0.5557331609852527,
        0.6215079286459811,
        0.6882522158119743,
        0.7581365094473458,
        0.5236917809031671,
        0.5913011237776875,
        0.10497057451967051,
        2.9289262134128946,
        0.0,
        0.007736027946364965,
        0.0,
        0.0,
        1,
        1.0,
        0.5,
        0.0857142857142857,
        -0.36782247753344716,
        0
      ],
      "faceAngle": 0.0,
      "durationTime_ms": 0,
      "faceCenterY": 0.0,
      "faceCenterX": 0.0,
      "rightEye": [
        -8.959179636941244,
        0.0,
        1.5174507300664741,
        1.144941064931666,
        0.0,
        0.5325119657569051,
        0.6166225688569077,
        0.5557331609852527,
        0.6215079286459811,
        0.6882522158119743,
        0.7581365094473458,
        0.5236917809031671,
        0.5913011237776875,
        0.10497057451967051,
        2.9289262134128946,
        0.0,
        0.007736027946364965,
        0.0,
        0.015399618580638182,
        1,
        1.0,
        0.5,
        -0.08571428571428541,
        -0.36782247753344716,
        0
      ],
      "triggerTime_ms": 0
    },
    {
      "Name": "ProceduralFaceKeyFrame",
      "faceScaleY": 0.9941769640734807,
      "scanlineOpacity": 1.0,
      "faceScaleX": 1.039999999990969,
      "leftEye": [
        9.654527423127632,
        0.0,
        1.5174507300664741,
        1.1453089027930028,
        0.0,
        0.5325119657569051,
        0.6166225688569077,
        0.5557331609852527,
        0.6215079286459811,
        0.6882522158119743,
        0.7581365094473458,
        0.5236917809031671,
        0.5913011237776875,
        0.10497057451967051,
        2.9289262134128946,
        0.0,
        0.007736027946364965,
        0.0,
        0.0,
        1,
        1.0,
        0.5,
        0.0857142857142857,
        -0.36782247753344716,
        0
      ],
      "faceAngle": 0.0,
      "durationTime_ms": 0,
      "faceCenterY": 0.0,
      "faceCenterX": 0.0,
      "rightEye": [
        -8.959179636941244,
        0.0,
        1.5174507300664741,
        1.144941064931666,
        0.0,
        0.5325119657569051,
        0.6166225688569077,
        0.5557331609852527,
        0.6215079286459811,
        0.6882522158119743,
        0.7581365094473458,
        0.5236917809031671,
        0.5913011237776875,
        0.10497057451967051,
        2.9289262134128946,
        0.0,
        0.007736027946364965,
        0.0,
        0.015399618580638182,
        1,
        1.0,
        0.5,
        -0.08571428571428541,
        -0.36782247753344716,
        0
      ],
      "triggerTime_ms": 957
    }
  ]
}