{
  "anim_eyepose_squint": [
    {
      "Name": "ProceduralFaceKeyFrame",
      "faceScaleY": 0.6108876244195672,
      "scanlineOpacity": 1.0,
      "faceScaleX": 0.9786346193493852,
      "leftEye": [
        8.107326060759803,
        0.0,
        1.5872801450982323,
        1.1979606024892988,
        0.0,
        0.5189656242618041,
        0.580356835757278,
        0.5189656242618041,
        0.580356835757278,
        0.7910538757885265,
        0.8714381655797905,
        0.6737204311195144,
        0.7473997233654955,
        0.09753647169075153,
        0.0,
        0.0,
        0.35487927496228333,
        4.735738187180655,
        0.038231828511648316,
        1,
        1.0,
        0.5,
        0.0,
        0.0,
        0
      ],
      "faceAngle": 0.0,
      "durationTime_ms": 0,
      "faceCenterY": 1.4168149977296949,
      "faceCenterX": 0.0,
      "rightEye": [
        -7.315991464547729,
        0.0,
        1.5872801450982323,
        1.1976154246143305,
        0.0,
        0.5189656242618041,
        0.580356835757278,
        0.5189656242618041,
        0.580356835757278,
        0.7910538757885265,
        0.8714381655797905,
        0.6737204311195144,
        0.7473997233654955,
        0.09753647169075153,
        0.0,
        0.0,
        0.3553303078510168,
        4.243575103057805,
        0.03670135179781494,
        1,
        1.0,
        0.5,
        0.0,
        0.0,
        0
      ],
      "triggerTime_ms": 0
    },
    {
      "Name": "ProceduralFaceKeyFrame",
      "faceScaleY": 0.6108876244195672,
      "scanlineOpacity": 1.0,
      "faceScaleX": 0.9786346193493852,
      "leftEye": [
        8.107326060759803,
        0.0,
        1.5872801450982323,
        1.1979606024892988,
        0.0,
        0.5189656242618041,
        0.580356835757278,
        0.5189656242618041,
        0.580356835757278,
        0.7910538757885265,
        0.8714381655797905,
        0.6737204311195144,
        0.7473997233654955,
        0.09753647169075153,
        0.0,
        0.0,
        0.35487927496228333,
        4.735738187180655,
        0.038231828511648316,
        1,
        1.0,
        0.5,
        0.0,
        0.0,
        0
      ],
      "faceAngle": 0.0,
      "durationTime_ms": 0,
      "faceCenterY": 1.4168149977296949,
      "faceCenterX": 0.0,
      "rightEye": [
        -7.315991464547729,
        0.0,
        1.5872801450982323,
        1.1976154246143305,
        0.0,
        0.5189656242618041,
        0.580356835757278,
        0.5189656242618041,
        0.580356835757278,
        0.7910538757885265,
        0.8714381655797905,
        0.6737204311195144,
        0.7473997233654955,
        0.09753647169075153,
        0.0,
        0.0,
        0.3553303078510168,
        4.243575103057805,
        0.03670135179781494,
        1,
        1.0,
        0.5,
        0.0,
        0.0,
        0
      ],
      "triggerTime_ms": 957
    }
  ]
}