{
  "anim_eyepose_shocked": [
    {
      "Name": "ProceduralFaceKeyFrame",
      "faceScaleY": 1.1362712636765966,
      "scanlineOpacity": 1.0,
      "faceScaleX": 0.9820357766336415,
      "leftEye": [
        8.107326060759803,
        0.0,
        1.5614896834537184,
        1.1785144759405053,
        0.0,
        0.4190617698453186,
        0.4190792908859027,
        0.43720946164196106,
        0.486341926004044,
        0.5072618769579635,
        0.5567377440993571,
        0.458667599258415,
        0.5086864270893033,
        0.0,
        0.0,
        0.0,
        0.0,
        0.0,
        0.0,
        1,
        1.0,
        0.5,
        0.0857142857142857,
        0.0,
        0
      ],
      "faceAngle": 0.0,
      "durationTime_ms": 0,
      "faceCenterY": 0.0,
      "faceCenterX": 0.0,
      "rightEye": [
        -7.315991464547729,
        0.0,
        1.5614896834537184,
        1.1781609289347197,
        0.0,
        0.4190617698453186,
        0.4190792908859027,
        0.43720946164196106,
        0.486341926004044,
        0.5072618769579635,
        0.5567377440993571,
        0.458667599258415,
        0.5086864270893033,
        0.0,
        0.0,
        0.0,
        0.0,
        0.0,
        0.0,
        1,
        1.0,
        0.5,
        -0.08571428571428541,
        0.0,
        0
      ],
      "triggerTime_ms": 0
    },
    {
      "Name": "ProceduralFaceKeyFrame",
      "faceScaleY": 1.1362712636765966,
      "scanlineOpacity": 1.0,
      "faceScaleX": 0.9820357766336415,
      "leftEye": [
        8.107326060759803,
        0.0,
        1.5614896834537184,
        1.1785144759405053,
        0.0,
        0.4190617698453186,
        0.4190792908859027,
        0.43720946164196106,
        0.486341926004044,
        0.5072618769579635,
        0.5567377440993571,
        0.458667599258415,
        0.5086864270893033,
        0.0,
        0.0,
        0.0,
        0.0,
        0.0,
        0.0,
        1,
        1.0,
        0.5,
        0.0857142857142857,
        0.0,
        0
      ],
      "faceAngle": 0.0,
      "durationTime_ms": 0,
      "faceCenterY": 0.0,
      "faceCenterX": 0.0,
      "rightEye": [
        -7.315991464547729,
        0.0,
        1.5614896834537184,
        1.1781609289347197,
        0.0,
        0.4190617698453186,
        0.4190792908859027,
        0.43720946164196106,
        0.486341926004044,
        0.5072618769579635,
        0.5567377440993571,
        0.458667599258415,
        0.5086864270893033,
        0.0,
        0.0,
        0.0,
        0.0,
        0.0,
        0.0,
        1,
        1.0,
        0.5,
        -0.08571428571428541,
        0.0,
        0
      ],
      "triggerTime_ms": 957
    }
  ]
}