{
  "anim_eyepose_captivated": [
    {
      "Name": "ProceduralFaceKeyFrame",
      "faceScaleY": 1.1228937072315575,
      "scanlineOpacity": 1.0,
      "faceScaleX": 1.0239236688051818,
      "leftEye": [
        8.107326060759803,
        0.0,
        1.5614896834537184,
        1.1785144759405053,
        0.0,
        0.568111871087339,
        0.5681356846060673,
        0.6860924563849407,
        0.7634546261212802,
        0.7595558572716226,
        0.8338368333475359,
        0.6219416739439736,
        0.689924182608881,
        0.0,
        0.0,
        0.0,
        0.0,
        0.0,
        0.0,
        1,
        1.0,
        0.5,
        0.0857142857142857,
        -0.3107891420513081,
        0
      ],
      "faceAngle": 0.0,
      "durationTime_ms": 0,
      "faceCenterY": -5.502318158915039,
      "faceCenterX": 0.0,
      "rightEye": [
        -7.315991464547729,
        0.0,
        1.5614896834537184,
        1.1781609289347197,
        0.0,
        0.568111871087339,
        0.5681356846060673,
        0.6860924563849407,
        0.7634546261212802,
        0.7595558572716226,
        0.8338368333475359,
        0.6219416739439736,
        0.689924182608881,
        0.0,
        0.0,
        0.0,
        0.0,
        0.0,
        0.0,
        1,
        1.0,
        0.5,
        -0.08571428571428541,
        -0.3107891420513081,
        0
      ],
      "triggerTime_ms": 0
    },
    {
      "Name": "ProceduralFaceKeyFrame",
      "faceScaleY": 1.1228937072315575,
      "scanlineOpacity": 1.0,
      "faceScaleX": 1.0239236688051818,
      "leftEye": [
        8.107326060759803,
        0.0,
        1.5614896834537184,
        1.1785144759405053,
        0.0,
        0.568111871087339,
        0.5681356846060673,
        0.6860924563849407,
        0.7634546261212802,
        0.7595558572716226,
        0.8338368333475359,
        0.6219416739439736,
        0.689924182608881,
        0.0,
        0.0,
        0.0,
        0.0,
        0.0,
        0.0,
        1,
        1.0,
        0.5,
        0.0857142857142857,
        -0.3107891420513081,
        0
      ],
      "faceAngle": 0.0,
      "durationTime_ms": 0,
      "faceCenterY": -5.502318158915039,
      "faceCenterX": 0.0,
      "rightEye": [
        -7.315991464547729,
        0.0,
        1.5614896834537184,
        1.1781609289347197,
        0.0,
        0.568111871087339,
        0.5681356846060673,
        0.6860924563849407,
        0.7634546261212802,
        0.7595558572716226,
        0.8338368333475359,
        0.6219416739439736,
        0.689924182608881,
        0.0,
        0.0,
        0.0,
        0.0,
        0.0,
        0.0,
        1,
        1.0,
        0.5,
        -0.08571428571428541,
        -0.3107891420513081,
        0
      ],
      "triggerTime_ms": 957
    }
  ]
}