{
  "anim_eyepose_frustrated": [
    {
      "Name": "ProceduralFaceKeyFrame",
      "faceScaleY": 1.0,
      "scanlineOpacity": 1.0,
      "faceScaleX": 1.0,
      "leftEye": [
        8.107326060759803,
        0.0,
        1.5587835066624711,
        1.1453089027930028,
        0.0,
        0.5117927342669926,
        0.5844890068339129,
        0.6027502703218537,
        0.6741305845563208,
        0.7552247959652437,
        0.831949561187552,
        0.5054803543774473,
        0.565263804156755,
        0.2656714102971909,
        0.0,
        0.0,
        0.007736027946364965,
        0.0,
        0.0,
        1,
        1.0,
        0.5,
        0.14285714285714285,
        -0.22819120413712157,
        0
      ],
      "faceAngle": 0.0,
      "durationTime_ms": 0,
      "faceCenterY": 0.0,
      "faceCenterX": 0.0,
      "rightEye": [
        -7.315991464547729,
        0.0,
        1.5587835066624711,
        1.144941064931666,
        0.0,
        0.5117927342669926,
        0.5844890068339129,
        0.6027502703218537,
        0.6741305845563208,
        0.7552247959652437,
        0.831949561187552,
        0.5054803543774473,
        0.565263804156755,
        0.2653098254273325,
        0.0,
        0.0,
        0.007736027946364965,
        0.0,
        0.015399618580638182,
        1,
        1.0,
        0.5,
        -0.1428571428571428,
        -0.22819120413712157,
        0
      ],
      "triggerTime_ms": 0
    },
    {
      "Name": "ProceduralFaceKeyFrame",
      "faceScaleY": 1.0,
      "scanlineOpacity": 1.0,
      "faceScaleX": 1.0,
      "leftEye": [
        8.107326060759803,
        0.0,
        1.5587835066624711,
        1.1453089027930028,
        0.0,
        0.5117927342669926,
        0.5844890068339129,
        0.6027502703218537,
        0.6741305845563208,
        0.7552247959652437,
        0.831949561187552,
        0.5054803543774473,
        0.565263804156755,
        0.2656714102971909,
        0.0,
        0.0,
        0.007736027946364965,
        0.0,
        0.0,
        1,
        1.0,
        0.5,
        0.14285714285714285,
        -0.22819120413712157,
        0
      ],
      "faceAngle": 0.0,
      "durationTime_ms": 0,
      "faceCenterY": 0.0,
      "faceCenterX": 0.0,
      "rightEye": [
        -7.315991464547729,
        0.0,
        1.5587835066624711,
        1.144941064931666,
        0.0,
        0.5117927342669926,
        0.5844890068339129,
        0.6027502703218537,
        0.6741305845563208,
        0.7552247959652437,
        0.831949561187552,
        0.5054803543774473,
        0.565263804156755,
        0.2653098254273325,
        0.0,
        0.0,
        0.007736027946364965,
        0.0,
        0.015399618580638182,
        1,
        1.0,
        0.5,
        -0.1428571428571428,
        -0.22819120413712157,
        0
      ],
      "triggerTime_ms": 957
    }
  ]
}