{
  "anim_eyepose_happy": [
    {
      "Name": "ProceduralFaceKeyFrame",
      "faceScaleY": 0.8950495659826264,
      "scanlineOpacity": 1.0,
      "faceScaleX": 0.9843569796740557,
      "leftEye": [
        8.107326060759803,
        0.0,
        1.5615986654386003,
        1.1785966488577166,
        0.0,
        0.552926350196707,
        0.6183664799177397,
        0.5481752355583425,
        0.7568513598769825,
        0.7348160847055545,
        0.8094563369946827,
        0.6123575993055708,
        0.679285652397999,
        0.0,
        0.0,
        0.0,
        0.15851942462273583,
        9.78131113747379,
        0.07579116108470088,
        1,
        1.0,
        0.5,
        0.13214388219513523,
        -0.12017357877754598,
        0
      ],
      "faceAngle": 0.0,
      "durationTime_ms": 0,
      "faceCenterY": -4.366993057478236,
      "faceCenterX": 0.0,
      "rightEye": [
        -7.315991464547729,
        0.0,
        1.5615986654386003,
        1.1782431372171174,
        0.0,
        0.552926350196707,
        0.6183664799177397,
        0.5481752355583425,
        0.7568513598769825,
        0.7348160847055545,
        0.8094563369946827,
        0.6123575993055708,
        0.679285652397999,
        0.0,
        0.0,
        0.0,
        0.15851942462273583,
        9.78131113747379,
        0.07579116108470088,
        1,
        1.0,
        0.5,
        -0.1321438821951354,
        -0.12017357877754598,
        0
      ],
      "triggerTime_ms": 0
    },
    {
      "Name": "ProceduralFaceKeyFrame",
      "faceScaleY": 0.8950495659826264,
      "scanlineOpacity": 1.0,
      "faceScaleX": 0.9843569796740557,
      "leftEye": [
        8.107326060759803,
        0.0,
        1.5615986654386003,
        1.1785966488577166,
        0.0,
        0.552926350196707,
        0.6183664799177397,
        0.5481752355583425,
        0.7568513598769825,
        0.7348160847055545,
        0.8094563369946827,
        0.6123575993055708,
        0.679285652397999,
        0.0,
        0.0,
        0.0,
        0.15851942462273583,
        9.78131113747379,
        0.07579116108470088,
        1,
        1.0,
        0.5,
        0.13214388219513523,
        -0.12017357877754598,
        0
      ],
      "faceAngle": 0.0,
      "durationTime_ms": 0,
      "faceCenterY": -4.366993057478236,
      "faceCenterX": 0.0,
      "rightEye": [
        -7.315991464547729,
        0.0,
        1.5615986654386003,
        1.1782431372171174,
        0.0,
        0.552926350196707,
        0.6183664799177397,
        0.5481752355583425,
        0.7568513598769825,
        0.7348160847055545,
        0.8094563369946827,
        0.6123575993055708,
        0.679285652397999,
        0.0,
        0.0,
        0.0,
        0.15851942462273583,
        9.78131113747379,
        0.07579116108470088,
        1,
        1.0,
        0.5,
        -0.1321438821951354,
        -0.12017357877754598,
        0
      ],
      "triggerTime_ms": 957
    }
  ]
}