{
  "anim_eyepose_hurt": [
    {
      "Name": "ProceduralFaceKeyFrame",
      "faceScaleY": 0.982871497918748,
      "scanlineOpacity": 1.0,
      "faceScaleX": 0.9761787931679211,
      "leftEye": [
        8.107326060759803,
        0.0,
        1.5831128983341385,
        1.1948184792868684,
        0.0,
        0.44362879626666063,
        0.4960380838624511,
        0.5126330587890163,
        0.5732692793633172,
        0.6453520690730422,
        0.7108546107410934,
        0.5603614504303568,
        0.6215688021512324,
        0.09399425167601272,
        -9.316442230775081,
        0.0,
        0.1858612850167667,
        -0.34522547465293585,
        0.0,
        1,
        1.0,
        0.5,
        0.14285714285714285,
        -0.34955438988131915,
        0
      ],
      "faceAngle": 0.0,
      "durationTime_ms": 0,
      "faceCenterY": 0.0,
      "faceCenterX": 0.0,
      "rightEye": [
        -7.315991464547729,
        0.0,
        1.5831128983341385,
        1.1944719491199638,
        0.0,
        0.44362879626666063,
        0.4960380838624511,
        0.5126330587890163,
        0.5732692793633172,
        0.6453520690730422,
        0.7108546107410934,
        0.5603614504303568,
        0.6215688021512324,
        0.08778120385938304,
        -10.315340257342157,
        0.0,
        0.20970001316560893,
        4.084388218113385,
        0.0,
        1,
        1.0,
        0.5,
        -0.1428571428571428,
        -0.34955438988131915,
        0
      ],
      "triggerTime_ms": 0
    },
    {
      "Name": "ProceduralFaceKeyFrame",
      "faceScaleY": 0.982871497918748,
      "scanlineOpacity": 1.0,
      "faceScaleX": 0.9761787931679211,
      "leftEye": [
        8.107326060759803,
        0.0,
        1.5831128983341385,
        1.1948184792868684,
        0.0,
        0.44362879626666063,
        0.4960380838624511,
        0.5126330587890163,
        0.5732692793633172,
        0.6453520690730422,
        0.7108546107410934,
        0.5603614504303568,
        0.6215688021512324,
        0.09399425167601272,
        -9.316442230775081,
        0.0,
        0.1858612850167667,
        -0.34522547465293585,
        0.0,
        1,
        1.0,
        0.5,
        0.14285714285714285,
        -0.34955438988131915,
        0
      ],
      "faceAngle": 0.0,
      "durationTime_ms": 0,
      "faceCenterY": 0.0,
      "faceCenterX": 0.0,
      "rightEye": [
        -7.315991464547729,
        0.0,
        1.5831128983341385,
        1.1944719491199638,
        0.0,
        0.44362879626666063,
        0.4960380838624511,
        0.5126330587890163,
        0.5732692793633172,
        0.6453520690730422,
        0.7108546107410934,
        0.5603614504303568,
        0.6215688021512324,
        0.08778120385938304,
        -10.315340257342157,
        0.0,
        0.20970001316560893,
        4.084388218113385,
        0.0,
        1,
        1.0,
        0.5,
        -0.1428571428571428,
        -0.34955438988131915,
        0
      ],
      "triggerTime_ms": 957
    }
  ]
}