{
  "anim_eyepose_sad_instronspect": [
    {
      "Name": "ProceduralFaceKeyFrame",
      "faceScaleY": 0.9800000000045155,
      "scanlineOpacity": 1.0,
      "faceScaleX": 1.039999999990969,
      "leftEye": [
        8.107326060759803,
        0.0,
        1.5510889807666732,
        1.1707347873515952,
        0.0,
        0.5083856154416011,
        0.5685154407517268,
        0.50779645245937,
        0.5678560356686301,
        0.8146548537841166,
        0.8974497094970355,
        0.5486154217519971,
        0.6085304561796859,
        0.15930571056473342,
        -15.374966508577224,
        0.0,
        0.0018129174382749413,
        0.0,
        0.0,
        1,
        1.0,
        0.5,
        -0.011986685552786591,
        0.5581641890137277,
        0
      ],
      "faceAngle": 0.0,
      "durationTime_ms": 0,
      "faceCenterY": 14.213376767096477,
      "faceCenterX": -8.953261588451653,
      "rightEye": [
        -7.315991464547729,
        0.0,
        1.5510889807666732,
        1.144941064931666,
        0.0,
        0.5083856154416011,
        0.5685154407517268,
        0.50779645245937,
        0.5678560356686301,
        0.8146548537841166,
        0.8974497094970355,
        0.5486154217519971,
        0.6085304561796859,
        0.16118591343505795,
        -15.374523724264288,
        0.0,
        0.0,
        0.0,
        0.0,
        1,
        1.0,
        0.5,
        -0.27342341017898464,
        0.5711497977859953,
        0
      ],
      "triggerTime_ms": 0
    },
    {
      "Name": "ProceduralFaceKeyFrame",
      "faceScaleY": 0.9800000000045155,
      "scanlineOpacity": 1.0,
      "faceScaleX": 1.039999999990969,
      "leftEye": [
        8.107326060759803,
        0.0,
        1.5510889807666732,
        1.1707347873515952,
        0.0,
        0.5083856154416011,
        0.5685154407517268,
        0.50779645245937,
        0.5678560356686301,
        0.8146548537841166,
        0.8974497094970355,
        0.5486154217519971,
        0.6085304561796859,
        0.15930571056473342,
        -15.374966508577224,
        0.0,
        0.0018129174382749413,
        0.0,
        0.0,
        1,
        1.0,
        0.5,
        -0.011986685552786591,
        0.5581641890137277,
        0
      ],
      "faceAngle": 0.0,
      "durationTime_ms": 0,
      "faceCenterY": 14.213376767096477,
      "faceCenterX": -8.953261588451653,
      "rightEye": [
        -7.315991464547729,
        0.0,
        1.5510889807666732,
        1.144941064931666,
        0.0,
        0.5083856154416011,
        0.5685154407517268,
        0.50779645245937,
        0.5678560356686301,
        0.8146548537841166,
        0.8974497094970355,
        0.5486154217519971,
        0.6085304561796859,
        0.16118591343505795,
        -15.374523724264288,
        0.0,
        0.0,
        0.0,
        0.0,
        1,
        1.0,
        0.5,
        -0.27342341017898464,
        0.5711497977859953,
        0
      ],
      "triggerTime_ms": 957
    }
  ]
}