{
  "anim_pounce_drive_02": [
    {
      "Name": "ProceduralFaceKeyFrame",
      "faceScaleY": 1.0,
      "scanlineOpacity": 1.0,
      "faceScaleX": 1.0,
      "leftEye": [
        8.107326060759803,
        0.0,
        1.5174507300664741,
        1.1453089027930028,
        0.0,
        0.6,
        0.6,
        1.0275731115067799,
        1.0275731115067799,
        1.0275731115067799,
        1.0275731115067799,
        0.6,
        0.6,
        0.10701545972999571,
        0.0,
        0.0,
        0.38049941237331797,
        4.583662361046587,
        0.0,
        1,
        0.0,
        0.0,
        0,
        0,
        0
      ],
      "faceAngle": 0.0,
      "durationTime_ms": 0,
      "faceCenterY": 38.66419069850717,
      "faceCenterX": 0.0,
      "rightEye": [
        -7.315991464547729,
        0.0,
        1.5174507300664741,
        1.144941064931666,
        0.0,
        0.6,
        0.6,
        1.0275731115067799,
        1.0275731115067799,
        1.0275731115067799,
        1.0275731115067799,
        0.6,
        0.6,
        0.11564325019460653,
        0.0,
        0.0,
        0.38049941237331797,
        4.583662361046587,
        0.0,
        1,
        0.0,
        0.0,
        0,
        0,
        0
      ],
      "triggerTime_ms": 0
    },
    {
      "Name": "ProceduralFaceKeyFrame",
      "faceScaleY": 1.0,
      "scanlineOpacity": 1.0,
      "faceScaleX": 1.0,
      "leftEye": [
        8.107326060759803,
        0.0,
        1.5174507300664741,
        1.1453089027930028,
        0.0,
        0.6,
        0.6,
        1.0275731115067799,
        1.0275731115067799,
        1.0275731115067799,
        1.0275731115067799,
        0.6,
        0.6,
        0.12210716750735995,
        0.0,
        0.0,
        0.38049941237331797,
        4.583662361046587,
        0.0,
        1,
        0.0,
        0.0,
        0,
        0,
        0
      ],
      "faceAngle": 0.0,
      "durationTime_ms": 0,
      "faceCenterY": 41.35880303281078,
      "faceCenterX": 0.0,
      "rightEye": [
        -7.315991464547729,
        0.0,
        1.5174507300664741,
        1.144941064931666,
        0.0,
        0.6,
        0.6,
        1.0275731115067799,
        1.0275731115067799,
        1.0275731115067799,
        1.0275731115067799,
        0.6,
        0.6,
        0.12938499047541585,
        0.0,
        0.0,
        0.38049941237331797,
        4.583662361046587,
        0.0,
        1,
        0.0,
        0.0,
        0,
        0,
        0
      ],
      "triggerTime_ms": 66
    },
    {
      "Name": "ProceduralFaceKeyFrame",
      "faceScaleY": 1.0,
      "scanlineOpacity": 1.0,
      "faceScaleX": 1.0,
      "leftEye": [
        8.107326060759803,
        0.0,
        1.5174507300664741,
        1.1453089027930028,
        0.0,
        0.6,
        0.6,
        1.0275731115067799,
        1.0275731115067799,
        1.0275731115067799,
        1.0275731115067799,
        0.6,
        0.6,
        0.10701545972999571,
        0.0,
        0.0,
        0.38049941237331797,
        4.583662361046587,
        0.0,
        1,
        0.0,
        0.0,
        0,
        0,
        0
      ],
      "faceAngle": 0.0,
      "durationTime_ms": 0,
      "faceCenterY": 41.59965273433879,
      "faceCenterX": 0.0,
      "rightEye": [
        -7.315991464547729,
        0.0,
        1.5174507300664741,
        1.144941064931666,
        0.0,
        0.6,
        0.6,
        1.0275731115067799,
        1.0275731115067799,
        1.0275731115067799,
        1.0275731115067799,
        0.6,
        0.6,
        0.11564325019460653,
        0.0,
        0.0,
        0.38049941237331797,
        4.583662361046587,
        0.0,
        1,
        0.0,
        0.0,
        0,
        0,
        0
      ],
      "triggerTime_ms": 198
    },
    {
      "Name": "ProceduralFaceKeyFrame",
      "faceScaleY": 1.0,
      "scanlineOpacity": 1.0,
      "faceScaleX": 1.0,
      "leftEye": [
        8.107326060759803,
        0.0,
        1.5174507300664741,
        1.1453089027930028,
        0.0,
        0.6,
        0.6,
        1.0275731115067799,
        1.0275731115067799,
        1.0275731115067799,
        1.0275731115067799,
        0.6,
        0.6,
        0.10701545972999571,
        0.0,
        0.0,
        0.38049941237331797,
        4.583662361046587,
        0.0,
        1,
        0.0,
        0.0,
        0,
        0,
        0
      ],
      "faceAngle": 0.0,
      "durationTime_ms": 0,
      "faceCenterY": 41.59965228259194,
      "faceCenterX": 0.0,
      "rightEye": [
        -7.315991464547729,
        0.0,
        1.5174507300664741,
        1.144941064931666,
        0.0,
        0.6,
        0.6,
        1.0275731115067799,
        1.0275731115067799,
        1.0275731115067799,
        1.0275731115067799,
        0.6,
        0.6,
        0.11564325019460653,
        0.0,
        0.0,
        0.38049941237331797,
        4.583662361046587,
        0.0,
        1,
        0.0,
        0.0,
        0,
        0,
        0
      ],
      "triggerTime_ms": 363
    },
    {
      "Name": "ProceduralFaceKeyFrame",
      "faceScaleY": 1.0,
      "scanlineOpacity": 1.0,
      "faceScaleX": 1.0,
      "leftEye": [
        8.107326060759803,
        0.0,
        1.5174507300664741,
        1.162306680927948,
        0.0,
        0.6,
        0.6,
        1.0275731115067799,
        1.0275731115067799,
        1.0275731115067799,
        1.0275731115067799,
        0.6,
        0.6,
        0.10701545972999571,
        0.0,
        0.0,
        0.38049941237331797,
        4.583662361046587,
        0.0,
        1,
        0.0,
        0.0,
        0,
        0,
        0
      ],
      "faceAngle": 0.0,
      "durationTime_ms": 0,
      "faceCenterY": 40.96087519957,
      "faceCenterX": 0.0,
      "rightEye": [
        -7.315991464547729,
        0.0,
        1.5174507300664741,
        1.1704487052676118,
        0.0,
        0.6,
        0.6,
        1.0275731115067799,
        1.0275731115067799,
        1.0275731115067799,
        1.0275731115067799,
        0.6,
        0.6,
        0.11564325019460653,
        0.0,
        0.0,
        0.38049941237331797,
        4.583662361046587,
        0.0,
        1,
        0.0,
        0.0,
        0,
        0,
        0
      ],
      "triggerTime_ms": 396
    },
    {
      "Name": "ProceduralFaceKeyFrame",
      "faceScaleY": 1.223057877151446,
      "scanlineOpacity": 1.0,
      "faceScaleX": 1.0,
      "leftEye": [
        8.107326060759803,
        0.0,
        1.5174507300664741,
        1.2559884167297526,
        0.0,
        0.6,
        0.6,
        1.0275731115067799,
        1.0275731115067799,
        1.0275731115067799,
        1.0275731115067799,
        0.6,
        0.6,
        0.21630754071966196,
        -4.430745002050684,
        0.0,
        0.38049941237331797,
        4.583662361046587,
        0.0,
        1,
        0.0,
        0.0,
        0,
        0,
        0
      ],
      "faceAngle": 0.0,
      "durationTime_ms": 0,
      "faceCenterY": 32.963570675063686,
      "faceCenterX": 0.0,
      "rightEye": [
        -7.315991464547729,
        0.0,
        1.5174507300664741,
        1.3251684109271518,
        0.0,
        0.6,
        0.6,
        1.0275731115067799,
        1.0275731115067799,
        1.0275731115067799,
        1.0275731115067799,
        0.6,
        0.6,
        0.13762899615550905,
        4.461971941896719,
        0.0,
        0.38049941237331797,
        4.583662361046587,
        0.0,
        1,
        0.0,
        0.0,
        0,
        0,
        0
      ],
      "triggerTime_ms": 462
    },
    {
      "Name": "ProceduralFaceKeyFrame",
      "faceScaleY": 1.223057877151446,
      "scanlineOpacity": 1.0,
      "faceScaleX": 1.0,