{
  "anim_pounce_drive_03": [
    {
      "Name": "ProceduralFaceKeyFrame",
      "faceScaleY": 1.0,
      "scanlineOpacity": 1.0,
      "faceScaleX": 1.0,
      "leftEye": [
        8.107326060759803,
        0.0,
        1.5174507300664741,
        1.1453089027930028,
        0.0,
        0.6,
        0.6,
        1.0275731115067799,
        1.0275731115067799,
        1.0275731115067799,
        1.0275731115067799,
        0.6,
        0.6,
        0.10701545972999571,
        0.0,
        0.0,
        0.38049941237331797,
        4.583662361046587,
        0.0,
        1,
        0.0,
        0.0,
        0,
        0,
        0
      ],
      "faceAngle": 0.0,
      "durationTime_ms": 0,
      "faceCenterY": 38.66419069850717,
      "faceCenterX": 0.0,
      "rightEye": [
        -7.315991464547729,
        0.0,
        1.5174507300664741,
        1.144941064931666,
        0.0,
        0.6,
        0.6,
        1.0275731115067799,
        1.0275731115067799,
        1.0275731115067799,
        1.0275731115067799,
        0.6,
        0.6,
        0.11564325019460653,
        0.0,
        0.0,
        0.38049941237331797,
        4.583662361046587,
        0.0,
        1,
        0.0,
        0.0,
        0,
        0,
        0
      ],
      "triggerTime_ms": 0
    },
    {
      "Name": "ProceduralFaceKeyFrame",
      "faceScaleY": 1.0,
      "scanlineOpacity": 1.0,
      "faceScaleX": 1.0316035556669083,
      "leftEye": [
        9.459474274827024,
        0.0,
        1.4315750979545032,
        1.1453089027930028,
        0.0,
        0.6,
        0.6,
        1.0275731115067799,
        1.0275731115067799,
        1.0275731115067799,
        1.0275731115067799,
        0.6,
        0.6,
        0.15602825455158065,
        2.5620648431256097,
        0.0,
        0.42873991902774244,
        4.583662361046587,
        0.0,
        1,
        0.0,
        0.0,
        0,
        0,
        0
      ],
      "faceAngle": 0.0,
      "durationTime_ms": 0,
      "faceCenterY": 34.09603781918582,
      "faceCenterX": -0.427644777926119,
      "rightEye": [
        -7.315991464547729,
        0.0,
        1.5355918824689627,
        1.144941064931666,
        0.0,
        0.6,
        0.6,
        1.0275731115067799,
        1.0275731115067799,
        0.9441352025870684,
        0.9441352025870684,
        0.6,
        0.6,
        0.14838670455496417,
        3.5096425173155748,
        0.0,
        0.4287334969466525,
        4.583662361046587,
        0.0,
        1,
        0.0,
        0.0,
        0,
        0,
        0
      ],
      "triggerTime_ms": 66
    },
    {
      "Name": "ProceduralFaceKeyFrame",
      "faceScaleY": 1.0,
      "scanlineOpacity": 1.0,
      "faceScaleX": 1.0,
      "leftEye": [
        8.107326060759803,
        0.0,
        1.5174507300664741,
        1.1453089027930028,
        0.0,
        0.6,
        0.6,
        1.0275731115067799,
        1.0275731115067799,
        1.0275731115067799,
        1.0275731115067799,
        0.6,
        0.6,
        0.10701545972999571,
        0.0,
        0.0,
        0.38049941237331797,
        4.583662361046587,
        0.0,
        1,
        0.0,
        0.0,
        0,
        0,
        0
      ],
      "faceAngle": 0.0,
      "durationTime_ms": 0,
      "faceCenterY": 36.620586454466874,
      "faceCenterX": 0.0,
      "rightEye": [
        -7.315991464547729,
        0.0,
        1.5174507300664741,
        1.144941064931666,
        0.0,
        0.6,
        0.6,
        1.0275731115067799,
        1.0275731115067799,
        1.0275731115067799,
        1.0275731115067799,
        0.6,
        0.6,
        0.11564325019460653,
        0.0,
        0.0,
        0.38049941237331797,
        4.583662361046587,
        0.0,
        1,
        0.0,
        0.0,
        0,
        0,
        0
      ],
      "triggerTime_ms": 132
    },
    {
      "Name": "ProceduralFaceKeyFrame",
      "faceScaleY": 1.0,
      "scanlineOpacity": 1.0,
      "faceScaleX": 1.0,
      "leftEye": [
        8.107326060759803,
        0.0,
        1.5174507300664741,
        1.1453089027930028,
        0.0,
        0.6,
        0.6,
        1.0275731115067799,
        1.0275731115067799,
        1.0275731115067799,
        1.0275731115067799,
        0.6,
        0.6,
        0.10701545972999571,
        0.0,
        0.0,
        0.38049941237331797,
        4.583662361046587,
        0.0,
        1,
        0.0,
        0.0,
        0,
        0,
        0
      ],
      "faceAngle": 0.0,
      "durationTime_ms": 0,
      "faceCenterY": 36.620586454466874,
      "faceCenterX": 0.0,
      "rightEye": [
        -7.315991464547729,
        0.0,
        1.5174507300664741,
        1.144941064931666,
        0.0,
        0.6,
        0.6,
        1.0275731115067799,
        1.0275731115067799,
        1.0275731115067799,
        1.0275731115067799,
        0.6,
        0.6,
        0.11564325019460653,
        0.0,
        0.0,
        0.38049941237331797,
        4.583662361046587,
        0.0,
        1,
        0.0,
        0.0,
        0,
        0,
        0
      ],
      "triggerTime_ms": 363
    },
    {
      "Name": "ProceduralFaceKeyFrame",
      "faceScaleY": 1.0,
      "scanlineOpacity": 1.0,
      "faceScaleX": 1.0,
      "leftEye": [
        8.107326060759803,
        0.0,
        1.5174507300664741,
        1.1453089027930028,
        0.0,
        0.6,
        0.6,
        1.0275731115067799,
        1.0275731115067799,
        1.0275731115067799,
        1.0275731115067799,
        0.6,
        0.6,
        0.10701545972999571,
        0.0,
        0.0,
        0.38049941237331797,
        4.583662361046587,
        0.0,
        1,
        1,
        0,
        0,
        0,
        0
      ],
      "faceAngle": 0.0,
      "durationTime_ms": 0,
      "faceCenterY": 36.620586454466874,
      "faceCenterX": 0.0,
      "rightEye": [
        -7.315991464547729,
        0.0,
        1.5174507300664741,
        1.144941064931666,
        0.0,
        0.6,
        0.6,
        1.0275731115067799,
        1.0275731115067799,
        1.0275731115067799,
        1.0275731115067799,
        0.6,
        0.6,
        0.11564325019460653,
        0.0,
        0.0,
        0.38049941237331797,
        4.583662361046587,
        0.0,
        1,
        1,
        0,
        0,
        0,
        0
      ],
      "triggerTime_ms": 462
    },
    {
      "Name": "ProceduralFaceKeyFrame",
      "faceScaleY": 1.0,
      "scanlineOpacity": 1.0,
      "faceScaleX": 1.0,
      "leftEye": [
        8.107326060759803,
        0.0,
        1.5174507300664741,
        1.1453089027930028,
        0.0,
        0.6,
        0.6,
        1.0275731115067799,
        1.0275731115067799,
        1.0275731115067799,
        1.0275731115067799,
        0.6,
        0.6,
        0.10701545972999571,
        0.0,
        0.0,
        0.38049941237331797,
        4.583662361046587,
        0.0,
        1,
        1,
        0,
        0,
        0,
        0
      ],
      "faceAngle": 0.0,
      "durationTime_ms": 0,
      "faceCenterY": 36.620586454466874,
      "faceCenterX": 0.0,
      "rightEye": [
        -7.315991464547729,
        0.0,
        1.5174507300664741,
        1.144941064931666,
        0.0,
        0.6,
        0.6,
        1.0275731115067799,
        1.0275731115067799,
        1.0275731115067799,
        1.0275731115067799,
        0.6,
        0.6,
        0.11564325019460653,
        0.0,
        0.0,
        0.3619542881790111,
        4.583662361046587,
        0.0,
        1,
        1,
        0,
        0,
        0,
        0
      ],
      "triggerTime_ms": 495
    },
    {
      "Name": "ProceduralFaceKeyFrame",
      "faceScaleY": 1.0,
      "scanlineOpacity": 1.0,
      "faceScaleX": 1.0,