{
  "anim_reacttocliff_stuckonedge_right_02": [
    {
      "durationTime_ms": 66,
      "triggerTime_ms": 0,
      "Name": "LiftHeightKeyFrame",
      "heightVariability_mm": 0,
      "height_mm": 32
    },
    {
      "angleVariability_deg": 0,
      "angle_deg": -17,
      "triggerTime_ms": 0,
      "Name": "HeadAngleKeyFrame",
      "durationTime_ms": 66
    },
    {
      "Name": "ProceduralFaceKeyFrame",
      "faceScaleY": 1.0,
      "scanlineOpacity": 1.0,
      "faceScaleX": 1.0,
      "leftEye": [
        -7.981361083331002,
        18.722775051128963,
        1.6019081683648828,
        0.8354729864240007,
        0.0,
        0.649297654189149,
        0.7050334466084338,
        0.6161575302116659,
        0.6527935365232057,
        0.6161575302116659,
        0.6527935365232057,
        0.5791212814195907,
        0.5708212121571481,
        0.03344400818279358,
        -5.080663867929813,
        0.0,
        0.007946478202676688,
        0.9731581026207959,
        0.0,
        1,
        1.0,
        0.28335543969855126,
        -0.23811863244807308,
        0.5763497745481239,
        0
      ],
      "faceAngle": 0.8502501984419152,
      "durationTime_ms": 0,
      "faceCenterY": 0.0,
      "faceCenterX": -0.2639139884781372,
      "rightEye": [
        -29.11518132851876,
        20.909807680627726,
        1.6965416547180268,
        0.6572713386951174,
        0.0,
        0.649297654189149,
        0.7050334466084338,
        0.4835725098508443,
        0.542957567097164,
        0.4835725098508443,
        0.542957567097164,
        0.5791212814195907,
        0.5708212121571481,
        0.0181902005869663,
        -2.855334812341464,
        0.0,
        0.007735105346230897,
        0.0,
        0.0,
        1,
        1.0,
        0.28335543969855126,
        -0.24982288406638165,
        0.5534826788056028,
        0
      ],
      "triggerTime_ms": 0
    },
    {
      "Name": "ProceduralFaceKeyFrame",
      "faceScaleY": 1.0,
      "scanlineOpacity": 1.0,
      "faceScaleX": 1.0,
      "leftEye": [
        -7.981361083331002,
        18.722775051128963,
        1.6019081683648828,
        0.8354729864240007,
        0.0,
        0.649297654189149,
        0.7050334466084338,
        0.6161575302116659,
        0.6527935365232057,
        0.6161575302116659,
        0.6527935365232057,
        0.5791212814195907,
        0.5708212121571481,
        0.03344400818279358,
        -5.080663867929813,
        0.0,
        0.007946478202676688,
        0.9731581026207959,
        0.0,
        1,
        1.0,
        0.28335543969855126,
        -0.23811863244807308,
        0.5763497745481239,
        0
      ],
      "faceAngle": 0.8502501984419152,
      "durationTime_ms": 0,
      "faceCenterY": 0.0,
      "faceCenterX": -0.2639139884781372,
      "rightEye": [
        -29.11518132851876,
        20.909807680627726,
        1.6965416547180268,
        0.6572713386951174,
        0.0,
        0.649297654189149,
        0.7050334466084338,
        0.4835725098508443,
        0.542957567097164,
        0.4835725098508443,
        0.542957567097164,
        0.5791212814195907,
        0.5708212121571481,
        0.0181902005869663,
        -2.855334812341464,
        0.0,
        0.007735105346230897,
        0.0,
        0.0,
        1,
        1.0,
        0.28335543969855126,
        -0.24982288406638165,
        0.5534826788056028,
        0
      ],
      "triggerTime_ms": 660
    }
  ]
}