{
  "anim_vc_listening_getout_01": [
    {
      "angleVariability_deg": 0,
      "angle_deg": -13,
      "triggerTime_ms": 0,
      "Name": "HeadAngleKeyFrame",
      "durationTime_ms": 165
    },
    {
      "angleVariability_deg": 0,
      "angle_deg": 0,
      "triggerTime_ms": 165,
      "Name": "HeadAngleKeyFrame",
      "durationTime_ms": 165
    },
    {
      "Name": "ProceduralFaceKeyFrame",
      "faceScaleY": 1.0019637243444828,
      "scanlineOpacity": 1.0,
      "faceScaleX": 1.0123286845860933,
      "leftEye": [
        5.104087299257785,
        0.14800861644871333,
        1.5996471410552662,
        1.2654493969440195,
        1.6020356034777377,
        0.6432799893238844,
        0.6366832560162679,
        0.5692885621371833,
        0.5634553949846366,
        1.0272258175356275,
        1.0427381634805108,
        0.6432799893238844,
        0.6366832560162679,
        0.0,
        0.0,
        -0.00644978605642402,
        0.0,
        0.0,
        0.0,
        1,
        1.0,
        0.0,
        0.0,
        0.0,
        0
      ],
      "faceAngle": 0.0,
      "durationTime_ms": 0,
      "faceCenterY": -1.4763304114203057,
      "faceCenterX": 8.610841892931454,
      "rightEye": [
        -3.9627085910112427,
        0.017179533574747552,
        1.6721601927281906,
        1.3933986008161132,
        -1.8047784282229906,
        0.6432799893238844,
        0.6366832560162679,
        0.5692885621371833,
        0.5634553949846366,
        1.0272258175356275,
        1.0427381634805108,
        0.6432799893238844,
        0.6366832560162679,
        0.0,
        0.0,
        -0.00644978605642402,
        0.0,
        0.0,
        0.0,
        1,
        1.0,
        0.0,
        0.0,
        0.0,
        0
      ],
      "triggerTime_ms": 0
    },
    {
      "Name": "ProceduralFaceKeyFrame",
      "faceScaleY": 0.6039857403645966,
      "scanlineOpacity": 1.0,
      "faceScaleX": 1.0324936053163252,
      "leftEye": [
        5.104087299257785,
        0.14800861644871333,
        1.5996471410552662,
        1.2654493969440195,
        1.6020356034777377,
        0.6432799893238844,
        0.6366832560162679,
        0.5692885621371833,
        0.5634553949846366,
        1.0272258175356275,
        1.0427381634805108,
        0.6432799893238844,
        0.6366832560162679,
        0.0,
        0.0,
        -0.00644978605642402,
        0.0,
        0.0,
        0.0,
        1,
        1.0,
        0.0,
        0.0,
        0.0,
        0
      ],
      "faceAngle": 0.0,
      "durationTime_ms": 0,
      "faceCenterY": 6.460569136827949,
      "faceCenterX": 7.265825817857644,
      "rightEye": [
        -3.9627085910112427,
        0.017179533574747552,
        1.6721601927281906,
        1.2166618851605995,
        -1.8047784282229906,
        0.6432799893238844,
        0.6366832560162679,
        0.5692885621371833,
        0.5634553949846366,
        1.0272258175356275,
        1.0427381634805108,
        0.6432799893238844,
        0.6366832560162679,
        0.0,
        0.0,
        -0.00644978605642402,
        0.0,
        0.0,
        0.0,
        1,
        1.0,
        0.0,
        0.0,
        0.0,
        0
      ],
      "triggerTime_ms": 66
    },
    {
      "Name": "ProceduralFaceKeyFrame",
      "faceScaleY": 0.9766821791036714,
      "scanlineOpacity": 1.0,
      "faceScaleX": 1.0044678707309946,
      "leftEye": [
        7.694380731053272,
        0.020351184761700836,
        1.5287527365774332,
        1.1618282207387676,
        0.22027989547818885,
        0.605950998532034,
        0.6050439477022368,
        0.5957771772938627,
        0.5949751168103875,
        0.6587435499111487,
        0.6608764974785702,
        0.605950998532034,
        0.6050439477022368,
        0.0,
        0.0,
        -0.0008868455827583079,
        0.0,
        0.0,
        0.0,
        1,
        1.0,
        0.0,
        0.0,
        0.0,
        0
      ],
      "faceAngle": 0.0,
      "durationTime_ms": 0,
      "faceCenterY": 0.06263287089839054,
      "faceCenterX": 0.9990566358792929,
      "rightEye": [
        -6.8549150694364585,
        0.002362185866530808,
        1.53872328118246,
        1.1548026777131444,
        -0.2481570338806611,
        0.605950998532034,
        0.6050439477022368,
        0.5957771772938627,
        0.5949751168103875,
        0.6587435499111487,
        0.6608764974785702,
        0.605950998532034,
        0.6050439477022368,
        0.0,
        0.0,
        -0.0008868455827583079,
        0.0,
        0.0,
        0.0,
        1,
        1.0,
        0.0,
        0.0,
        0.0,
        0
      ],
      "triggerTime_ms": 165
    },
    {
      "Name": "ProceduralFaceKeyFrame",
      "faceScaleY": 1.0,
      "scanlineOpacity": 1.0,
      "faceScaleX": 1.0,
      "leftEye": [
        8.107326060759803,
        0.0,
        1.5174507300664741,
        1.1453089027930028,
        0.0,
        0.6,
        0.6,
        0.6,
        0.6,
        0.6,
        0.6,
        0.6,
        0.6,
        0.0,
        0.0,
        0.0,
        0.0,
        0.0,
        0.0,
        1,
        1.0,
        0.0,
        0.0,
        0.0,
        0
      ],
      "faceAngle": 0.0,
      "durationTime_ms": 0,
      "faceCenterY": 0.0,
      "faceCenterX": 0.0,
      "rightEye": [
        -7.315991464547729,
        0.0,
        1.5174507300664741,
        1.144941064931666,
        0.0,
        0.6,
        0.6,
        0.6,
        0.6,
        0.6,
        0.6,
        0.6,
        0.6,
        0.0,
        0.0,
        0.0,
        0.0,
        0.0,
        0.0,
        1,
        1.0,
        0.0,
        0.0,
        0.0,
        0
      ],
      "triggerTime_ms": 330
    },
    {
      "audioName": [
        "Play__Robot_Vic_Sfx__Head_Down_Short_Curious"
      ],
      "Name": "RobotAudioKeyFrame",
      "probability": [
        1.0
      ],
      "hasAlts": true,
      "volume": 1.0,
      "audioEventId": [
        3765223799
      ],
      "triggerTime_ms": 33
    }
  ]
}