{
  "anim_dancebeat_eyebeat_right_01": [
    {
      "Name": "ProceduralFaceKeyFrame",
      "faceScaleY": 1.0856758574741585,
      "scanlineOpacity": 1.0,
      "faceScaleX": 1.086444501055706,
      "leftEye": [
        8.107326060759803,
        1.4579153284395403,
        1.5174507300664741,
        1.0749842377386143,
        0.0,
        0.6,
        0.6,
        0.6504780481534373,
        0.6504780481534373,
        0.6934623328067019,
        0.6861740940728129,
        0.6,
        0.6,
        0.0,
        0.0,
        0.0,
        0.0,
        0.0,
        0.0,
        1,
        1.0,
        0.0,
        0.0,
        -0.05330436231248501,
        0
      ],
      "faceAngle": 0.0,
      "durationTime_ms": 0,
      "faceCenterY": -8.0706828502482,
      "faceCenterX": 0.0,
      "rightEye": [
        -7.315991464547729,
        0.0,
        1.5174507300664741,
        1.144941064931666,
        0.0,
        0.6,
        0.6,
        0.6504780481534373,
        0.6504780481534373,
        0.6934623328067019,
        0.6861740940728129,
        0.6,
        0.6,
        0.0,
        0.0,
        0.0,
        0.0,
        0.0,
        0.0,
        1,
        1.0,
        0.0,
        0.0,
        -0.05330436231248501,
        0
      ],
      "triggerTime_ms": 0
    },
    {
      "Name": "ProceduralFaceKeyFrame",
      "faceScaleY": 1.0682412817211908,
      "scanlineOpacity": 1.0,
      "faceScaleX": 1.1060436008142545,
      "leftEye": [
        8.700304513910787,
        1.8422153920123279,
        1.6122234182087551,
        1.0114171300755397,
        0.0,
        0.48443337137588205,
        0.48443337137588205,
        0.6504780481534373,
        0.6504780481534373,
        0.6934623328067019,
        0.6861740940728129,
        0.48443337137588205,
        0.48443337137588205,
        0.0,
        0.0,
        0.0,
        0.0,
        0.0,
        0.0,
        1,
        1.0,
        0.0,
        0.0,
        -0.05330436231248501,
        0
      ],
      "faceAngle": 0.0,
      "durationTime_ms": 0,
      "faceCenterY": -6.338515179845516,
      "faceCenterX": 0.0,
      "rightEye": [
        -7.943264191820504,
        0.0,
        1.5174507300664741,
        1.144941064931666,
        0.0,
        0.48443337137588205,
        0.48443337137588205,
        0.6504780481534373,
        0.6504780481534373,
        0.6934623328067019,
        0.6861740940728129,
        0.48443337137588205,
        0.48443337137588205,
        0.0,
        0.0,
        0.0,
        0.0,
        0.0,
        0.0,
        1,
        1.0,
        0.0,
        0.0,
        -0.05330436231248501,
        0
      ],
      "triggerTime_ms": 33
    },
    {
      "Name": "ProceduralFaceKeyFrame",
      "faceScaleY": 1.0467171120722347,
      "scanlineOpacity": 1.0,
      "faceScaleX": 1.1302400225768,
      "leftEye": [
        10.479239873363525,
        2.420139445209628,
        1.7292267480612167,
        0.9329392118961594,
        0.0,
        0.3688667427517826,
        0.3688667427517826,
        0.6504780481534373,
        0.6504780481534373,
        0.6934623328067019,
        0.6861740940728129,
        0.3688667427517826,
        0.3688667427517826,
        0.0,
        0.0,
        0.0,
        0.0,
        0.0,
        0.0,
        1,
        1.0,
        0.0,
        0.0,
        -0.05330436231248501,
        0
      ],
      "faceAngle": 0.0,
      "durationTime_ms": 0,
      "faceCenterY": -2.197649795253147,
      "faceCenterX": 0.0,
      "rightEye": [
        -9.82508237363863,
        0.0,
        1.5174507300664741,
        1.144941064931666,
        0.0,
        0.3688667427517826,
        0.3688667427517826,
        0.6504780481534373,
        0.6504780481534373,
        0.6934623328067019,
        0.6861740940728129,
        0.3688667427517826,
        0.3688667427517826,
        0.0,
        0.0,
        0.0,
        0.0,
        0.0,
        0.0,
        1,
        1.0,
        0.0,
        0.0,
        -0.05330436231248501,
        0
      ],
      "triggerTime_ms": 66
    },
    {
      "Name": "ProceduralFaceKeyFrame",
      "faceScaleY": 1.120837678018847,
      "scanlineOpacity": 1.0,
      "faceScaleX": 1.049346526743784,
      "leftEye": [
        14.20977928310272,
        1.1318724458976064,
        1.3380611257740291,
        1.1203218921322602,
        0.0,
        0.6,
        0.6,
        0.6504780481534373,
        0.6504780481534373,
        0.842822779617582,
        0.8339555737105449,
        0.6,
        0.6,
        0.0,
        0.0,
        0.0,
        0.0,
        0.0,
        0.0,
        1,
        1.0,
        0.0,
        0.0,
        -0.05330436231248501,
        0
      ],
      "faceAngle": 0.0,
      "durationTime_ms": 0,
      "faceCenterY": -8.332551228276808,
      "faceCenterX": 0.0,
      "rightEye": [
        -9.406900555456815,
        0.0,
        1.5174507300664741,
        1.144941064931666,
        0.0,
        0.6,
        0.6,
        0.6504780481534373,
        0.6504780481534373,
        0.842822779617582,
        0.8339555737105449,
        0.6,
        0.6,
        0.0,
        0.0,
        0.0,
        0.0,
        0.0,
        0.0,
        1,
        1.0,
        0.0,
        0.0,
        -0.05330436231248501,
        0
      ],
      "triggerTime_ms": 99
    },
    {
      "Name": "ProceduralFaceKeyFrame",
      "faceScaleY": 1.142087446993787,
      "scanlineOpacity": 1.0,
      "faceScaleX": 1.0563908245030846,
      "leftEye": [
        12.214441469296169,
        0.795998691552974,
        1.4073242578003153,
        1.190227623562563,
        0.0,
        0.6,
        0.6,
        0.6504780481534373,
        0.6504780481534373,
        0.8383281365422544,
        0.8295084458510756,
        0.6,
        0.6,
        0.0,
        0.0,
        0.0,
        0.0,
        0.0,
        0.0,
        1,
        1.0,
        0.0,
        0.0,
        -0.05330436231248501,
        0
      ],
      "faceAngle": 0.0,
      "durationTime_ms": 0,
      "faceCenterY": -9.864995432365973,
      "faceCenterX": 0.0,
      "rightEye": [
        -8.628353911236886,
        0.0,
        1.5174507300664741,
        1.144941064931666,
        0.0,
        0.6,
        0.6,
        0.6504780481534373,
        0.6504780481534373,
        0.8383281365422544,
        0.8295084458510756,
        0.6,
        0.6,
        0.0,
        0.0,
        0.0,
        0.0,
        0.0,
        0.0,
        1,
        1.0,
        0.0,
        0.0,
        -0.05330436231248501,
        0
      ],
      "triggerTime_ms": 132
    },
    {
      "Name": "ProceduralFaceKeyFrame",
      "faceScaleY": 1.1492645453391532,
      "scanlineOpacity": 1.0,
      "faceScaleX": 1.0658155151536894,
      "leftEye": [
        9.45629700269641,
        1.8475763344042875,
        1.4781681036622925,
        1.2239673011790742,
        0.0,
        0.6,
        0.6,
        0.6504780481534373,
        0.6504780481534373,
        0.8151634376155654,
        0.806588633036889,
        0.6,
        0.6,
        0.0,
        0.0,
        0.0,
        0.0,
        0.0,
        0.0,
        1,
        1.0,
        0.0,
        0.0,
        -0.05330436231248501,
        0
      ],
      "faceAngle": 0.0,
      "durationTime_ms": 0,
      "faceCenterY": -10.08391603295018,
      "faceCenterX": 0.0,
      "rightEye": [
        -7.907963451079702,
        0.0,
        1.5174507300664741,
        1.144941064931666,
        0.0,
        0.6,
        0.6,
        0.6504780481534373,
        0.6504780481534373,
        0.8151634376155654,
        0.806588633036889,
        0.6,
        0.6,
        0.0,
        0.0,
        0.0,
        0.0,
        0.0,
        0.0,
        1,
        1.0,
        0.0,
        0.0,
        -0.05330436231248501,
        0
      ],
      "triggerTime_ms": 165
    },
    {
      "Name": "ProceduralFaceKeyFrame",
      "faceScaleY": 1.0856758574741585,
      "scanlineOpacity": 1.0,