{
  "anim_dancebeat_eyebeat_01": [
    {
      "Name": "ProceduralFaceKeyFrame",
      "faceScaleY": 1.0856758574741585,
      "scanlineOpacity": 1.0,
      "faceScaleX": 1.086444501055706,
      "leftEye": [
        8.107326060759803,
        1.4579153284395403,
        1.5174507300664741,
        1.0749842377386143,
        0.0,
        0.6,
        0.6,
        0.6504780481534373,
        0.6504780481534373,
        0.6934623328067019,
        0.6861740940728129,
        0.6,
        0.6,
        0.0,
        0.0,
        0.0,
        0.0,
        0.0,
        0.0,
        1,
        1.0,
        0.0,
        0.0,
        -0.05330436231248501,
        0
      ],
      "faceAngle": 0.0,
      "durationTime_ms": 0,
      "faceCenterY": -8.0706828502482,
      "faceCenterX": 0.0,
      "rightEye": [
        -7.315991464547729,
        0.0,
        1.5174507300664741,
        1.144941064931666,
        0.0,
        0.6,
        0.6,
        0.6504780481534373,
        0.6504780481534373,
        0.6934623328067019,
        0.6861740940728129,
        0.6,
        0.6,
        0.0,
        0.0,
        0.0,
        0.0,
        0.0,
        0.0,
        1,
        1.0,
        0.0,
        0.0,
        -0.05330436231248501,
        0
      ],
      "triggerTime_ms": 0
    },
    {
      "Name": "ProceduralFaceKeyFrame",
      "faceScaleY": 1.040674171705377,
      "scanlineOpacity": 1.0,
      "faceScaleX": 1.1370332014165445,
      "leftEye": [
        8.700304513910787,
        1.4579153284395403,
        1.5174507300664741,
        1.0749842377386143,
        0.0,
        0.48443337137588205,
        0.48443337137588205,
        0.6504780481534373,
        0.6504780481534373,
        0.6934623328067019,
        0.6861740940728129,
        0.48443337137588205,
        0.48443337137588205,
        0.0,
        0.0,
        0.0,
        0.0,
        0.0,
        0.0,
        1,
        1.0,
        0.0,
        0.0,
        -0.05330436231248501,
        0
      ],
      "faceAngle": 0.0,
      "durationTime_ms": 0,
      "faceCenterY": -6.338515179845516,
      "faceCenterX": 0.0,
      "rightEye": [
        -7.943264191820504,
        0.0,
        1.5174507300664741,
        1.144941064931666,
        0.0,
        0.48443337137588205,
        0.48443337137588205,
        0.6504780481534373,
        0.6504780481534373,
        0.6934623328067019,
        0.6861740940728129,
        0.48443337137588205,
        0.48443337137588205,
        0.0,
        0.0,
        0.0,
        0.0,
        0.0,
        0.0,
        1,
        1.0,
        0.0,
        0.0,
        -0.05330436231248501,
        0
      ],
      "triggerTime_ms": 33
    },
    {
      "Name": "ProceduralFaceKeyFrame",
      "faceScaleY": 0.9851165296554145,
      "scanlineOpacity": 1.0,
      "faceScaleX": 1.1994883930033897,
      "leftEye": [
        10.479239873363525,
        1.4579153284395403,
        1.5174507300664741,
        1.0749842377386143,
        0.0,
        0.3688667427517826,
        0.3688667427517826,
        0.6504780481534373,
        0.6504780481534373,
        0.6934623328067019,
        0.6861740940728129,
        0.3688667427517826,
        0.3688667427517826,
        0.0,
        0.0,
        0.0,
        0.0,
        0.0,
        0.0,
        1,
        1.0,
        0.0,
        0.0,
        -0.05330436231248501,
        0
      ],
      "faceAngle": 0.0,
      "durationTime_ms": 0,
      "faceCenterY": -2.197649795253147,
      "faceCenterX": 0.0,
      "rightEye": [
        -9.82508237363863,
        0.0,
        1.5174507300664741,
        1.144941064931666,
        0.0,
        0.3688667427517826,
        0.3688667427517826,
        0.6504780481534373,
        0.6504780481534373,
        0.6934623328067019,
        0.6861740940728129,
        0.3688667427517826,
        0.3688667427517826,
        0.0,
        0.0,
        0.0,
        0.0,
        0.0,
        0.0,
        1,
        1.0,
        0.0,
        0.0,
        -0.05330436231248501,
        0
      ],
      "triggerTime_ms": 66
    },
    {
      "Name": "ProceduralFaceKeyFrame",
      "faceScaleY": 1.1764346589288488,
      "scanlineOpacity": 1.0,
      "faceScaleX": 0.9906881484894948,
      "leftEye": [
        10.08392090459624,
        1.4579153284395403,
        1.5174507300664741,
        1.0749842377386143,
        0.0,
        0.6,
        0.6,
        0.6504780481534373,
        0.6504780481534373,
        0.842822779617582,
        0.8339555737105449,
        0.6,
        0.6,
        0.0,
        0.0,
        0.0,
        0.0,
        0.0,
        0.0,
        1,
        1.0,
        0.0,
        0.0,
        -0.05330436231248501,
        0
      ],
      "faceAngle": 0.0,
      "durationTime_ms": 0,
      "faceCenterY": -8.332551228276808,
      "faceCenterX": 0.0,
      "rightEye": [
        -9.406900555456815,
        0.0,
        1.5174507300664741,
        1.144941064931666,
        0.0,
        0.6,
        0.6,
        0.6504780481534373,
        0.6504780481534373,
        0.842822779617582,
        0.8339555737105449,
        0.6,
        0.6,
        0.0,
        0.0,
        0.0,
        0.0,
        0.0,
        0.0,
        1,
        1.0,
        0.0,
        0.0,
        -0.05330436231248501,
        0
      ],
      "triggerTime_ms": 99
    },
    {
      "Name": "ProceduralFaceKeyFrame",
      "faceScaleY": 1.249809369542132,
      "scanlineOpacity": 1.0,
      "faceScaleX": 1.0331974846416012,
      "leftEye": [
        8.666933736369451,
        1.4579153284395403,
        1.5174507300664741,
        1.0749842377386143,
        0.0,
        0.6,
        0.6,
        0.6504780481534373,
        0.6504780481534373,
        0.8151634376155654,
        0.806588633036889,
        0.6,
        0.6,
        0.0,
        0.0,
        0.0,
        0.0,
        0.0,
        0.0,
        1,
        1.0,
        0.0,
        0.0,
        -0.05330436231248501,
        0
      ],
      "faceAngle": 0.0,
      "durationTime_ms": 0,
      "faceCenterY": -10.08391603295018,
      "faceCenterX": 0.0,
      "rightEye": [
        -7.907963451079702,
        0.0,
        1.5174507300664741,
        1.144941064931666,
        0.0,
        0.6,
        0.6,
        0.6504780481534373,
        0.6504780481534373,
        0.8151634376155654,
        0.806588633036889,
        0.6,
        0.6,
        0.0,
        0.0,
        0.0,
        0.0,
        0.0,
        0.0,
        1,
        1.0,
        0.0,
        0.0,
        -0.05330436231248501,
        0
      ],
      "triggerTime_ms": 165
    },
    {
      "Name": "ProceduralFaceKeyFrame",
      "faceScaleY": 1.0856758574741585,
      "scanlineOpacity": 1.0,
      "faceScaleX": 1.086444501055706,
      "leftEye": [
        8.107326060759803,
        1.4579153284395403,
        1.5174507300664741,
        1.0749842377386143,
        0.0,
        0.6,
        0.6,
        0.6504780481534373,
        0.6504780481534373,
        0.6934623328067019,
        0.6861740940728129,
        0.6,
        0.6,
        0.0,
        0.0,
        0.0,
        0.0,
        0.0,
        0.0,
        1,
        1.0,
        0.0,
        0.0,
        -0.05330436231248501,
        0
      ],
      "faceAngle": 0.0,
      "durationTime_ms": 0,
      "faceCenterY": -8.0706828502482,
      "faceCenterX": 0.0,
      "rightEye": [
        -7.315991464547729,
        0.0,
        1.5174507300664741,
        1.144941064931666,
        0.0,
        0.6,
        0.6,
        0.6504780481534373,
        0.6504780481534373,
        0.6934623328067019,
        0.6861740940728129,
        0.6,
        0.6,
        0.0,
        0.0,
        0.0,
        0.0,
        0.0,
        0.0,
        1,
        1.0,
        0.0,
        0.0,
        -0.05330436231248501,
        0
      ],
      "triggerTime_ms": 231
    },
    {
      "event_id": "DANCE_BEAT_SYNC",
      "triggerTime_ms": 99,
      "Name": "EventKeyFrame"
    }
  ]
}