{
  "anim_dancebeat_idle_01": [
    {
      "Name": "ProceduralFaceKeyFrame",
      "faceScaleY": 1.0856758574741585,
      "scanlineOpacity": 1.0,
      "faceScaleX": 1.086444501055706,
      "leftEye": [
        8.107326060759803,
        1.4579153284395403,
        1.5174507300664741,
        1.0749842377386143,
        0.0,
        0.6,
        0.6,
        0.6504780481534373,
        0.6504780481534373,
        0.6934623328067019,
        0.6861740940728129,
        0.6,
        0.6,
        0.0,
        0.0,
        0.0,
        0.0,
        0.0,
        0.0,
        1,
        1.0,
        0.0,
        0.0,
        -0.05330436231248501,
        0
      ],
      "faceAngle": 0.0,
      "durationTime_ms": 0,
      "faceCenterY": -8.0706828502482,
      "faceCenterX": 0.0,
      "rightEye": [
        -7.315991464547729,
        0.0,
        1.5174507300664741,
        1.144941064931666,
        0.0,
        0.6,
        0.6,
        0.6504780481534373,
        0.6504780481534373,
        0.6934623328067019,
        0.6861740940728129,
        0.6,
        0.6,
        0.0,
        0.0,
        0.0,
        0.0,
        0.0,
        0.0,
        1,
        1.0,
        0.0,
        0.0,
        -0.05330436231248501,
        0
      ],
      "triggerTime_ms": 0
    },
    {
      "Name": "ProceduralFaceKeyFrame",
      "faceScaleY": 1.0856758574741585,
      "scanlineOpacity": 1.0,
      "faceScaleX": 1.086444501055706,
      "leftEye": [
        8.107326060759803,
        1.4579153284395403,
        1.5174507300664741,
        1.0749842377386143,
        0.0,
        0.6,
        0.6,
        0.6504780481534373,
        0.6504780481534373,
        0.6934623328067019,
        0.6861740940728129,
        0.6,
        0.6,
        0.0,
        0.0,
        0.0,
        0.0,
        0.0,
        0.0,
        1,
        1.0,
        0.0,
        0.0,
        -0.05330436231248501,
        0
      ],
      "faceAngle": 0.0,
      "durationTime_ms": 0,
      "faceCenterY": -8.0706828502482,
      "faceCenterX": 0.0,
      "rightEye": [
        -7.315991464547729,
        0.0,
        1.5174507300664741,
        1.144941064931666,
        0.0,
        0.6,
        0.6,
        0.6504780481534373,
        0.6504780481534373,
        0.6934623328067019,
        0.6861740940728129,
        0.6,
        0.6,
        0.0,
        0.0,
        0.0,
        0.0,
        0.0,
        0.0,
        1,
        1.0,
        0.0,
        0.0,
        -0.05330436231248501,
        0
      ],
      "triggerTime_ms": 198
    },
    {
      "Name": "ProceduralFaceKeyFrame",
      "faceScaleY": 1.0030023478984693,
      "scanlineOpacity": 1.0,
      "faceScaleX": 1.086444501055706,
      "leftEye": [
        8.107326060759803,
        1.4579153284395403,
        1.5174507300664741,
        1.0749842377386143,
        0.0,
        0.6,
        0.6,
        0.6504780481534373,
        0.6504780481534373,
        0.6934623328067019,
        0.6861740940728129,
        0.6,
        0.6,
        0.0,
        0.0,
        0.0,
        0.0,
        0.0,
        0.0,
        1,
        1.0,
        0.0,
        0.0,
        -0.05330436231248501,
        0
      ],
      "faceAngle": 0.0,
      "durationTime_ms": 0,
      "faceCenterY": -5.059323925650017,
      "faceCenterX": -1.4039140575565625,
      "rightEye": [
        -7.315991464547729,
        0.0,
        1.5174507300664741,
        1.144941064931666,
        0.0,
        0.6,
        0.6,
        0.6504780481534373,
        0.6504780481534373,
        0.6934623328067019,
        0.6861740940728129,
        0.6,
        0.6,
        0.0,
        0.0,
        0.0,
        0.0,
        0.0,
        0.0,
        1,
        1.0,
        0.0,
        0.0,
        -0.05330436231248501,
        0
      ],
      "triggerTime_ms": 231
    },
    {
      "Name": "ProceduralFaceKeyFrame",
      "faceScaleY": 1.1339281180194694,
      "scanlineOpacity": 1.0,
      "faceScaleX": 1.086444501055706,
      "leftEye": [
        8.107326060759803,
        0.0,
        1.5174507300664741,
        1.1453089027930028,
        0.0,
        0.6,
        0.6,
        0.6934623328067019,
        0.6861740940728129,
        0.6934623328067019,
        0.6861740940728129,
        0.6,
        0.6,
        0.0,
        0.0,
        0.0,
        0.0,
        0.0,
        0.0,
        1,
        1.0,
        0.0,
        0.0,
        -0.05330436231248501,
        0
      ],
      "faceAngle": 0.0,
      "durationTime_ms": 0,
      "faceCenterY": -9.494472763079397,
      "faceCenterX": -2.807831713797441,
      "rightEye": [
        -9.862731994078189,
        1.4579153284395403,
        1.5174507300664741,
        1.0745861338847131,
        0.0,
        0.6,
        0.6,
        0.6504780481534373,
        0.6504780481534373,
        0.6504780481534373,
        0.6504780481534373,
        0.6,
        0.6,
        0.0,
        0.0,
        0.0,
        0.0,
        0.0,
        0.0,
        1,
        1.0,
        0.0,
        0.0,
        -0.05330436231248501,
        0
      ],
      "triggerTime_ms": 264
    },
    {
      "Name": "ProceduralFaceKeyFrame",
      "faceScaleY": 1.1112406199479603,
      "scanlineOpacity": 1.0,
      "faceScaleX": 1.086444501055706,
      "leftEye": [
        8.107326060759803,
        0.0,
        1.5174507300664741,
        1.1453089027930028,
        0.0,
        0.6,
        0.6,
        0.6934623328067019,
        0.6861740940728129,
        0.6934623328067019,
        0.6861740940728129,
        0.6,
        0.6,
        0.0,
        0.0,
        0.0,
        0.0,
        0.0,
        0.0,
        1,
        1.0,
        0.0,
        0.0,
        -0.05330436231248501,
        0
      ],
      "faceAngle": 0.0,
      "durationTime_ms": 0,
      "faceCenterY": -9.494472763079397,
      "faceCenterX": -2.807831713797441,
      "rightEye": [
        -9.862731994078189,
        1.4579153284395403,
        1.5174507300664741,
        1.0745861338847131,
        0.0,
        0.6,
        0.6,
        0.6504780481534373,
        0.6504780481534373,
        0.6504780481534373,
        0.6504780481534373,
        0.6,
        0.6,
        0.0,
        0.0,
        0.0,
        0.0,
        0.0,
        0.0,
        1,
        1.0,
        0.0,
        0.0,
        -0.05330436231248501,
        0
      ],
      "triggerTime_ms": 495
    },
    {
      "Name": "ProceduralFaceKeyFrame",
      "faceScaleY": 1.1112406199479603,
      "scanlineOpacity": 1.0,
      "faceScaleX": 1.086444501055706,
      "leftEye": [
        8.107326060759803,
        0.0,
        1.5174507300664741,
        1.1453089027930028,
        0.0,
        0.6,
        0.6,
        0.6934623328067019,
        0.6861740940728129,
        0.6934623328067019,
        0.6861740940728129,
        0.6,
        0.6,
        0.0,
        0.0,
        0.0,
        0.0,
        0.0,
        0.0,
        1,
        1.0,
        0.0,
        0.0,
        -0.05330436231248501,
        0
      ],
      "faceAngle": 0.0,
      "durationTime_ms": 0,
      "faceCenterY": -9.494472763079397,
      "faceCenterX": -2.807831713797441,
      "rightEye": [
        -9.862731994078189,
        1.4579153284395403,
        1.5174507300664741,
        1.0745861338847131,
        0.0,
        0.6,
        0.6,
        0.6504780481534373,
        0.6504780481534373,
        0.6504780481534373,
        0.6504780481534373,
        0.6,
        0.6,
        0.0,
        0.0,
        0.0,
        0.0,
        0.0,
        0.0,
        1,
        1.0,
        0.0,
        0.0,
        -0.05330436231248501,
        0
      ],
      "triggerTime_ms": 990
    },
    {
      "Name": "ProceduralFaceKeyFrame",
      "faceScaleY": 1.1112406199479603,
      "scanlineOpacity": 1.0,
      "faceScaleX": 1.086444501055706,