{
  "anim_keepalive_blink_01": [
    {
      "Name": "ProceduralFaceKeyFrame",
      "faceScaleY": 1.0,
      "scanlineOpacity": 1.0,
      "faceScaleX": 1.0,
      "leftEye": [
        8.107326060759803,
        0.0,
        1.5174507300664741,
        1.1453089027930028,
        0.0,
        0.6,
        0.6,
        0.6,
        0.6,
        0.6,
        0.6,
        0.6,
        0.6,
        0.0,
        0.0,
        0.0,
        0.0,
        0.0,
        0.0,
        1,
        1,
        0,
        0,
        0,
        0
      ],
      "faceAngle": 0.0,
      "durationTime_ms": 0,
      "faceCenterY": 0.0,
      "faceCenterX": 0.0,
      "rightEye": [
        -7.315991464547729,
        0.0,
        1.5174507300664741,
        1.144941064931666,
        0.0,
        0.6,
        0.6,
        0.6,
        0.6,
        0.6,
        0.6,
        0.6,
        0.6,
        0.0,
        0.0,
        0.0,
        0.0,
        0.0,
        0.0,
        1,
        1,
        0,
        0,
        0,
        0
      ],
      "triggerTime_ms": 0
    },
    {
      "Name": "ProceduralFaceKeyFrame",
      "faceScaleY": 0.9375005328561266,
      "scanlineOpacity": 1.0,
      "faceScaleX": 1.055276783700363,
      "leftEye": [
        8.107326060759803,
        0.0,
        1.5452738425496853,
        1.1453089027930028,
        0.0,
        0.5601498943953276,
        0.5601498943953276,
        0.5601498943953276,
        0.5601498943953276,
        0.5601498943953276,
        0.5601498943953276,
        0.5601498943953276,
        0.5601498943953276,
        0.0,
        0.0,
        0.0,
        0.0,
        0.0,
        0.0,
        1,
        1,
        0,
        0,
        0,
        0
      ],
      "faceAngle": 0.0,
      "durationTime_ms": 0,
      "faceCenterY": 0.4512594231556548,
      "faceCenterX": 0.0,
      "rightEye": [
        -7.315991464547729,
        0.0,
        1.5452738425496853,
        1.144941064931666,
        0.0,
        0.5601498943953276,
        0.5601498943953276,
        0.5601498943953276,
        0.5601498943953276,
        0.5601498943953276,
        0.5601498943953276,
        0.5601498943953276,
        0.5601498943953276,
        0.0,
        0.0,
        0.0,
        0.0,
        0.0,
        0.0,
        1,
        1,
        0,
        0,
        0,
        0
      ],
      "triggerTime_ms": 33
    },
    {
      "Name": "ProceduralFaceKeyFrame",
      "faceScaleY": 0.07466529769405464,
      "scanlineOpacity": 1.0,
      "faceScaleX": 1.818399396463,
      "leftEye": [
        8.107326060759803,
        0.0,
        1.9293853062063104,
        1.1453089027930028,
        0.0,
        0.01,
        0.01,
        0.01,
        0.01,
        0.01,
        0.01,
        0.01,
        0.01,
        0.0,
        0.0,
        0.0,
        0.0,
        0.0,
        0.0,
        1,
        1,
        0,
        0,
        0,
        0
      ],
      "faceAngle": 0.0,
      "durationTime_ms": 0,
      "faceCenterY": 11.052557883500768,
      "faceCenterX": 0.0,
      "rightEye": [
        -7.315991464547729,
        0.0,
        1.9293853062063104,
        1.144941064931666,
        0.0,
        0.01,
        0.01,
        0.01,
        0.01,
        0.01,
        0.01,
        0.01,
        0.01,
        0.0,
        0.0,
        0.0,
        0.0,
        0.0,
        0.0,
        1,
        1,
        0,
        0,
        0,
        0
      ],
      "triggerTime_ms": 66
    },
    {
      "Name": "ProceduralFaceKeyFrame",
      "faceScaleY": 0.07466529769405464,
      "scanlineOpacity": 1.0,
      "faceScaleX": 1.818399396463,
      "leftEye": [
        8.107326060759803,
        0.0,
        1.9293853062063104,
        1.1453089027930028,
        0.0,
        0.01,
        0.01,
        0.01,
        0.01,
        0.01,
        0.01,
        0.01,
        0.01,
        0.0,
        0.0,
        0.0,
        0.0,
        0.0,
        0.0,
        1,
        1,
        0,
        0,
        0,
        0
      ],
      "faceAngle": 0.0,
      "durationTime_ms": 0,
      "faceCenterY": 13.23337525602011,
      "faceCenterX": 0.0,
      "rightEye": [
        -7.315991464547729,
        0.0,
        1.9293853062063104,
        1.144941064931666,
        0.0,
        0.01,
        0.01,
        0.01,
        0.01,
        0.01,
        0.01,
        0.01,
        0.01,
        0.0,
        0.0,
        0.0,
        0.0,
        0.0,
        0.0,
        1,
        1,
        0,
        0,
        0,
        0
      ],
      "triggerTime_ms": 99
    },
    {
      "Name": "ProceduralFaceKeyFrame",
      "faceScaleY": 0.07466529769405464,
      "scanlineOpacity": 1.0,
      "faceScaleX": 1.818399396463,
      "leftEye": [
        8.107326060759803,
        0.0,
        1.9293853062063104,
        1.1453089027930028,
        0.0,
        0.01,
        0.01,
        0.01,
        0.01,
        0.01,
        0.01,
        0.01,
        0.01,
        0.0,
        0.0,
        0.0,
        0.0,
        0.0,
        0.0,
        1,
        1,
        0,
        0,
        0,
        0
      ],
      "faceAngle": 0.0,
      "durationTime_ms": 0,
      "faceCenterY": 9.02428081572532,
      "faceCenterX": 0.0,
      "rightEye": [
        -7.315991464547729,
        0.0,
        1.9293853062063104,
        1.144941064931666,
        0.0,
        0.01,
        0.01,
        0.01,
        0.01,
        0.01,
        0.01,
        0.01,
        0.01,
        0.0,
        0.0,
        0.0,
        0.0,
        0.0,
        0.0,
        1,
        1,
        0,
        0,
        0,
        0
      ],
      "triggerTime_ms": 132
    },
    {
      "Name": "ProceduralFaceKeyFrame",
      "faceScaleY": 0.33810095087348235,
      "scanlineOpacity": 1.0,
      "faceScaleX": 1.1567231486229497,
      "leftEye": [
        8.107326060759803,
        0.0,
        1.7244428445541473,
        1.1453089027930028,
        0.0,
        0.14439684130663638,
        0.14439684130663638,
        0.14439684130663638,
        0.14439684130663638,
        0.14439684130663638,
        0.14439684130663638,
        0.14439684130663638,
        0.14439684130663638,
        0.0,
        0.0,
        0.0,
        0.0,
        0.0,
        0.0,
        1,
        1,
        0,
        0,
        0,
        0
      ],
      "faceAngle": 0.0,
      "durationTime_ms": 0,
      "faceCenterY": 0.0,
      "faceCenterX": 0.0,
      "rightEye": [
        -7.315991464547729,
        0.0,
        1.7244428445541473,
        1.144941064931666,
        0.0,
        0.14439684130663638,
        0.14439684130663638,
        0.14439684130663638,
        0.14439684130663638,
        0.14439684130663638,
        0.14439684130663638,
        0.14439684130663638,
        0.14439684130663638,
        0.0,
        0.0,
        0.0,
        0.0,
        0.0,
        0.0,
        1,
        1,
        0,
        0,
        0,
        0
      ],
      "triggerTime_ms": 165
    },
    {
      "Name": "ProceduralFaceKeyFrame",
      "faceScaleY": 1.0412633639000433,
      "scanlineOpacity": 1.0,
      "faceScaleX": 1.0,
      "leftEye": [
        8.107326060759803,
        0.0,
        1.5820781667245623,
        1.1453089027930028,
        0.0,
        0.5499041129013725,
        0.5499041129013725,
        0.5499041129013725,
        0.5499041129013725,
        0.5499041129013725,
        0.5499041129013725,
        0.5499041129013725,
        0.5499041129013725,
        0.0,
        0.0,
        0.0,
        0.0,
        0.0,
        0.0,
        1,
        1,
        0,
        0,
        0,
        0
      ],
      "faceAngle": 0.0,
      "durationTime_ms": 0,
      "faceCenterY": 0.0,
      "faceCenterX": 0.0,