{
  "anim_inspectheldcube_loop_02": [
    {
      "Name": "ProceduralFaceKeyFrame",
      "faceScaleY": 1.0,
      "scanlineOpacity": 1.0,
      "faceScaleX": 1.0,
      "leftEye": [
        10.08392090459624,
        1.3474360213743992,
        1.4948910538681983,
        1.128298803311329,
        0.0,
        0.6,
        0.6,
        0.6,
        0.6,
        0.6,
        0.6,
        0.6,
        0.6,
        0.0,
        0.0,
        0.0,
        0.0,
        0.0,
        0.0,
        1,
        1.0,
        0.0,
        0.0,
        0.0,
        0
      ],
      "faceAngle": 0.0,
      "durationTime_ms": 0,
      "faceCenterY": -0.3703772520172588,
      "faceCenterX": 0.0,
      "rightEye": [
        -9.406900555456815,
        0.0,
        1.5632232863456559,
        1.1794686360411775,
        0.0,
        0.6,
        0.6,
        0.6,
        0.6,
        0.6,
        0.6,
        0.6,
        0.6,
        0.0,
        0.0,
        0.0,
        0.0,
        0.0,
        0.0,
        1,
        1.0,
        0.0,
        0.0,
        0.0,
        0
      ],
      "triggerTime_ms": 0
    },
    {
      "Name": "ProceduralFaceKeyFrame",
      "faceScaleY": 1.0261358533041234,
      "scanlineOpacity": 1.0,
      "faceScaleX": 0.980021020451964,
      "leftEye": [
        10.2730007068065,
        1.3474360213743992,
        1.4948910538681983,
        1.128298803311329,
        0.0,
        0.6,
        0.6,
        0.6,
        0.6,
        0.6,
        0.6,
        0.6,
        0.6,
        0.0,
        0.0,
        0.0,
        0.0,
        0.0,
        0.0,
        1,
        1.0,
        0.0,
        0.0,
        0.0,
        0
      ],
      "faceAngle": 0.0,
      "durationTime_ms": 0,
      "faceCenterY": -1.2548109736113051,
      "faceCenterX": 0.0,
      "rightEye": [
        -9.60691558563942,
        0.0,
        1.5632232863456559,
        1.1794686360411775,
        0.0,
        0.6,
        0.6,
        0.6,
        0.6,
        0.6,
        0.6,
        0.6,
        0.6,
        0.0,
        0.0,
        0.0,
        0.0,
        0.0,
        0.0,
        1,
        1.0,
        0.0,
        0.0,
        0.0,
        0
      ],
      "triggerTime_ms": 33
    },
    {
      "Name": "ProceduralFaceKeyFrame",
      "faceScaleY": 1.0176144413631714,
      "scanlineOpacity": 1.0,
      "faceScaleX": 0.9715829802164127,
      "leftEye": [
        10.870269001044129,
        1.3474360213743992,
        1.4948910538681983,
        1.128298803311329,
        0.0,
        0.6,
        0.6,
        0.6,
        0.6,
        0.6,
        0.6,
        0.6,
        0.6,
        0.0,
        0.0,
        0.0,
        0.0,
        0.0,
        0.0,
        1,
        1.0,
        0.0,
        0.0,
        0.0,
        0
      ],
      "faceAngle": 0.0,
      "durationTime_ms": 0,
      "faceCenterY": -1.040857928382195,
      "faceCenterX": 0.0,
      "rightEye": [
        -10.238726252366298,
        0.0,
        1.5632232863456559,
        1.1794686360411775,
        0.0,
        0.6,
        0.6,
        0.6,
        0.6,
        0.6,
        0.6,
        0.6,
        0.6,
        0.0,
        0.0,
        0.0,
        0.0,
        0.0,
        0.0,
        1,
        1.0,
        0.0,
        0.0,
        0.0,
        0
      ],
      "triggerTime_ms": 66
    },
    {
      "Name": "ProceduralFaceKeyFrame",
      "faceScaleY": 0.927614888222307,
      "scanlineOpacity": 1.0,
      "faceScaleX": 0.987751512940214,
      "leftEye": [
        11.269877810898109,
        1.3474360213743992,
        1.4948910538681983,
        1.128298803311329,
        0.0,
        0.6,
        0.6,
        0.6,
        0.6,
        0.6,
        0.6,
        0.6,
        0.6,
        0.0,
        0.0,
        0.0,
        0.0,
        0.0,
        0.0,
        1,
        1.0,
        0.0,
        0.0,
        0.0,
        0
      ],
      "faceAngle": 0.0,
      "durationTime_ms": 0,
      "faceCenterY": 1.4938860920218247,
      "faceCenterX": 0.0,
      "rightEye": [
        -10.661446010002273,
        0.0,
        1.5632232863456559,
        1.1794686360411775,
        0.0,
        0.6,
        0.6,
        0.6,
        0.6,
        0.6,
        0.6,
        0.6,
        0.6,
        0.0,
        0.0,
        0.0,
        0.0,
        0.0,
        0.0,
        1,
        1.0,
        0.0,
        0.0,
        0.0,
        0
      ],
      "triggerTime_ms": 99
    },
    {
      "Name": "ProceduralFaceKeyFrame",
      "faceScaleY": 0.7183100047209542,
      "scanlineOpacity": 1.0,
      "faceScaleX": 1.098219202126467,
      "leftEye": [
        10.309252767689344,
        1.3474360213743992,
        1.4948910538681983,
        1.128298803311329,
        0.0,
        0.6,
        0.6,
        0.6,
        0.6,
        0.6,
        0.6,
        0.6,
        0.6,
        0.0,
        0.0,
        0.0,
        0.0,
        0.0,
        0.0,
        1,
        1.0,
        0.0,
        0.0,
        0.0,
        0
      ],
      "faceAngle": 0.0,
      "durationTime_ms": 0,
      "faceCenterY": 7.268241393476686,
      "faceCenterX": 0.0,
      "rightEye": [
        -9.645264245659703,
        0.0,
        1.5632232863456559,
        1.1794686360411775,
        0.0,
        0.6,
        0.6,
        0.6,
        0.6,
        0.6,
        0.6,
        0.6,
        0.6,
        0.0,
        0.0,
        0.0,
        0.0,
        0.0,
        0.0,
        1,
        1.0,
        0.0,
        0.0,
        0.0,
        0
      ],
      "triggerTime_ms": 132
    },
    {
      "Name": "ProceduralFaceKeyFrame",
      "faceScaleY": 0.7588656391583872,
      "scanlineOpacity": 1.0,
      "faceScaleX": 1.0840783305196096,
      "leftEye": [
        10.08392090459624,
        1.3474360213743992,
        1.4948910538681983,
        1.128298803311329,
        0.0,
        0.6,
        0.6,
        0.6,
        0.6,
        0.6,
        0.6,
        0.6,
        0.6,
        0.0,
        0.0,
        0.0,
        0.0,
        0.0,
        0.0,
        1,
        1.0,
        0.0,
        0.0,
        0.0,
        0
      ],
      "faceAngle": 0.0,
      "durationTime_ms": 0,
      "faceCenterY": 6.533889240884854,
      "faceCenterX": 0.0,
      "rightEye": [
        -9.406900555456815,
        0.0,
        1.5632232863456559,
        1.1794686360411775,
        0.0,
        0.6,
        0.6,
        0.6,
        0.6,
        0.6,
        0.6,
        0.6,
        0.6,
        0.0,
        0.0,
        0.0,
        0.0,
        0.0,
        0.0,
        1,
        1.0,
        0.0,
        0.0,
        0.0,
        0
      ],
      "triggerTime_ms": 165
    },
    {
      "Name": "ProceduralFaceKeyFrame",
      "faceScaleY": 0.9497480283607608,
      "scanlineOpacity": 1.0,
      "faceScaleX": 0.9794509680190578,
      "leftEye": [
        11.236670925909308,
        1.3474360213743992,
        1.4948910538681983,
        1.128298803311329,
        0.0,
        0.6,
        0.6,
        0.6,
        0.6,
        0.6,
        0.6,
        0.6,
        0.6,
        0.0,
        0.0,
        0.0,
        0.0,
        0.0,
        0.0,
        1,
        1.0,
        0.0,
        0.0,
        0.0,
        0
      ],
      "faceAngle": 0.0,
      "durationTime_ms": 0,
      "faceCenterY": 0.976089792315534,
      "faceCenterX": 0.0,
      "rightEye": [
        -10.626318640364353,
        0.0,
        1.5632232863456559,
        1.1794686360411775,
        0.0,
        0.6,
        0.6,
        0.6,
        0.6,
        0.6,
        0.6,
        0.6,
        0.6,
        0.0,
        0.0,
        0.0,
        0.0,
        0.0,
        0.0,
        1,
        1.0,
        0.0,
        0.0,
        0.0,
        0
      ],
      "triggerTime_ms": 198
    },
    {
      "Name": "ProceduralFaceKeyFrame",
      "faceScaleY": 1.0525721187151904,
      "scanlineOpacity": 1.0,
      "faceScaleX": 0.9577459314558685,