{
  "anim_sdk_speak_01": [
    {
      "Name": "ProceduralFaceKeyFrame",
      "faceScaleY": 1.0,
      "scanlineOpacity": 1.0,
      "faceScaleX": 1.0,
      "leftEye": [
        8.107326060759803,
        0.0,
        1.5174507300664741,
        1.1453089027930028,
        0.0,
        0.6,
        0.6,
        0.6,
        0.6,
        0.6,
        0.6,
        0.6,
        0.6,
        0.0,
        0.0,
        0.0,
        0.0,
        0.0,
        0.0,
        1,
        1,
        0,
        0,
        0,
        0
      ],
      "faceAngle": 0.0,
      "durationTime_ms": 0,
      "faceCenterY": 0.0,
      "faceCenterX": 0.0,
      "rightEye": [
        -7.315991464547729,
        0.0,
        1.5174507300664741,
        1.144941064931666,
        0.0,
        0.6,
        0.6,
        0.6,
        0.6,
        0.6,
        0.6,
        0.6,
        0.6,
        0.0,
        0.0,
        0.0,
        0.0,
        0.0,
        0.0,
        1,
        1,
        0,
        0,
        0,
        0
      ],
      "triggerTime_ms": 0
    },
    {
      "Name": "ProceduralFaceKeyFrame",
      "faceScaleY": 1.1046225146135669,
      "scanlineOpacity": 1.0,
      "faceScaleX": 0.961626433845838,
      "leftEye": [
        8.107326060759803,
        0.0,
        1.5174507300664741,
        1.1453089027930028,
        0.0,
        0.6,
        0.6,
        0.6,
        0.6,
        0.6,
        0.6,
        0.6,
        0.6,
        0.0,
        0.0,
        0.0,
        0.0,
        0.0,
        0.0,
        1,
        1,
        0,
        0,
        0,
        0
      ],
      "faceAngle": 0.0,
      "durationTime_ms": 0,
      "faceCenterY": 1.8074571311586354,
      "faceCenterX": 0.0,
      "rightEye": [
        -7.315991464547729,
        0.0,
        1.5174507300664741,
        1.144941064931666,
        0.0,
        0.6,
        0.6,
        0.6,
        0.6,
        0.6,
        0.6,
        0.6,
        0.6,
        0.0,
        0.0,
        0.0,
        0.0,
        0.0,
        0.0,
        1,
        1,
        0,
        0,
        0,
        0
      ],
      "triggerTime_ms": 33
    },
    {
      "Name": "ProceduralFaceKeyFrame",
      "faceScaleY": 0.9605890102323921,
      "scanlineOpacity": 1.0,
      "faceScaleX": 0.8781245018325579,
      "leftEye": [
        8.107326060759803,
        0.0,
        1.552609842081786,
        1.1453089027930028,
        0.0,
        0.5178617226305476,
        0.5178617226305476,
        0.5178617226305476,
        0.5178617226305476,
        0.5178617226305476,
        0.5178617226305476,
        0.5178617226305476,
        0.5178617226305476,
        0.0,
        0.0,
        0.0,
        0.0,
        0.0,
        0.0,
        1,
        1,
        0,
        0,
        0,
        0
      ],
      "faceAngle": 0.0,
      "durationTime_ms": 0,
      "faceCenterY": 5.7770753667814745,
      "faceCenterX": 0.0,
      "rightEye": [
        -7.315991464547729,
        0.0,
        1.552609842081786,
        1.144941064931666,
        0.0,
        0.5178617226305476,
        0.5178617226305476,
        0.5178617226305476,
        0.5178617226305476,
        0.5178617226305476,
        0.5178617226305476,
        0.5178617226305476,
        0.5178617226305476,
        0.0,
        0.0,
        0.0,
        0.0,
        0.0,
        0.0,
        1,
        1,
        0,
        0,
        0,
        0
      ],
      "triggerTime_ms": 66
    },
    {
      "Name": "ProceduralFaceKeyFrame",
      "faceScaleY": 0.5205083770442551,
      "scanlineOpacity": 1.0,
      "faceScaleX": 1.0743476554690512,
      "leftEye": [
        8.107326060759803,
        0.0,
        1.6571709561126369,
        1.1453089027930028,
        0.0,
        0.35597591907887033,
        0.35597591907887033,
        0.35597591907887033,
        0.35597591907887033,
        0.35597591907887033,
        0.35597591907887033,
        0.35597591907887033,
        0.35597591907887033,
        0.0,
        0.0,
        0.0,
        0.0,
        0.0,
        0.0,
        1,
        1,
        0,
        0,
        0,
        0
      ],
      "faceAngle": 0.0,
      "durationTime_ms": 0,
      "faceCenterY": 9.721145846949895,
      "faceCenterX": 0.0,
      "rightEye": [
        -7.315991464547729,
        0.0,
        1.6571709561126369,
        1.144941064931666,
        0.0,
        0.35597591907887033,
        0.35597591907887033,
        0.35597591907887033,
        0.35597591907887033,
        0.35597591907887033,
        0.35597591907887033,
        0.35597591907887033,
        0.35597591907887033,
        0.0,
        0.0,
        0.0,
        0.0,
        0.0,
        0.0,
        1,
        1,
        0,
        0,
        0,
        0
      ],
      "triggerTime_ms": 132
    },
    {
      "Name": "ProceduralFaceKeyFrame",
      "faceScaleY": 1.0523330324414877,
      "scanlineOpacity": 1.0,
      "faceScaleX": 1.024177935218845,
      "leftEye": [
        8.107326060759803,
        0.11252022569148323,
        1.5221925110170644,
        1.132751443354153,
        0.0,
        0.5905827317564805,
        0.5905827317564805,
        0.5905827317564805,
        0.5905827317564805,
        0.6476654240094758,
        0.5902647501308306,
        0.5905827317564805,
        0.5905827317564805,
        0.0,
        0.0,
        0.0,
        0.062295900898273415,
        2.302846397872507,
        0.0,
        1,
        1,
        0,
        0,
        0,
        0
      ],
      "faceAngle": 0.0,
      "durationTime_ms": 0,
      "faceCenterY": -0.12764380134867817,
      "faceCenterX": 0.0,
      "rightEye": [
        -7.315991464547729,
        0.0,
        1.5347972238165934,
        1.1376803091524914,
        0.0,
        0.5905827317564805,
        0.5905827317564805,
        0.5905827317564805,
        0.5905827317564805,
        0.6476654240094758,
        0.5902647501308306,
        0.5905827317564805,
        0.5905827317564805,
        0.0,
        0.0,
        0.0,
        0.060730291622979604,
        2.302846397872507,
        0.0,
        1,
        1,
        0,
        0,
        0,
        0
      ],
      "triggerTime_ms": 231
    },
    {
      "Name": "ProceduralFaceKeyFrame",
      "faceScaleY": 1.275436950636927,
      "scanlineOpacity": 1.0,
      "faceScaleX": 1.1272522618830023,
      "leftEye": [
        8.107326060759803,
        0.5922115804027186,
        1.5424074662747018,
        1.0792170259377698,
        0.0,
        0.5504354414924238,
        0.5504354414924238,
        0.5504354414924238,
        0.5504354414924238,
        0.8508705960172522,
        0.5487618543670173,
        0.5504354414924238,
        0.5504354414924238,
        0.0,
        0.0,
        0.0,
        0.3278730885657216,
        4.399280238938619,
        0.0,
        1,
        1,
        0,
        0,
        0,
        0
      ],
      "faceAngle": 0.0,
      "durationTime_ms": 0,
      "faceCenterY": 9.830863540271203,
      "faceCenterX": 0.0,
      "rightEye": [
        -7.315991464547729,
        0.0,
        1.608748044972072,
        1.1067265694622646,
        0.0,
        0.5504354414924238,
        0.5504354414924238,
        0.5504354414924238,
        0.5504354414924238,
        0.8508705960172522,
        0.5487618543670173,
        0.5504354414924238,
        0.5504354414924238,
        0.0,
        0.0,
        0.0,
        0.31963304160956696,
        4.399280238938619,
        0.0,
        1,
        1,
        0,
        0,
        0,
        0
      ],
      "triggerTime_ms": 396
    },
    {
      "Name": "ProceduralFaceKeyFrame",
      "faceScaleY": 1.1963558409783597,
      "scanlineOpacity": 1.0,
      "faceScaleX": 1.037138897448262,