{
  "anim_driving_upset_start_01": [
    {
      "angleVariability_deg": 0,
      "angle_deg": -12,
      "triggerTime_ms": 198,
      "Name": "HeadAngleKeyFrame",
      "durationTime_ms": 165
    },
    {
      "Name": "ProceduralFaceKeyFrame",
      "faceScaleY": 1.0,
      "scanlineOpacity": 1.0,
      "faceScaleX": 1.0,
      "leftEye": [
        8.107326060759803,
        0.0,
        1.5174507300664741,
        1.1453089027930028,
        0.0,
        0.6,
        0.6,
        0.6,
        0.6,
        0.6,
        0.6,
        0.6,
        0.6,
        0.0,
        0.0,
        0.0,
        0.0,
        0.0,
        0.0,
        1,
        1.0,
        0.0,
        0.0,
        0.0,
        0
      ],
      "faceAngle": 0.0,
      "durationTime_ms": 0,
      "faceCenterY": 0.0,
      "faceCenterX": 0.0,
      "rightEye": [
        -7.315991464547729,
        0.0,
        1.5174507300664741,
        1.144941064931666,
        0.0,
        0.6,
        0.6,
        0.6,
        0.6,
        0.6,
        0.6,
        0.6,
        0.6,
        0.0,
        0.0,
        0.0,
        0.0,
        0.0,
        0.0,
        1,
        1.0,
        0.0,
        0.0,
        0.0,
        0
      ],
      "triggerTime_ms": 0
    },
    {
      "Name": "ProceduralFaceKeyFrame",
      "faceScaleY": 1.0059657452566226,
      "scanlineOpacity": 1.0,
      "faceScaleX": 0.9923505167924197,
      "leftEye": [
        8.107326060759803,
        0.0,
        1.600918059037727,
        1.2082436522456175,
        0.0,
        0.5969263982621451,
        0.5969263982621451,
        0.598054249302475,
        0.598054249302475,
        0.598054249302475,
        0.598054249302475,
        0.5969263982621451,
        0.5969263982621451,
        0.0,
        0.0,
        0.0,
        0.0,
        0.0,
        0.0,
        1,
        1.0,
        0.0,
        0.0,
        0.0,
        0
      ],
      "faceAngle": 0.0,
      "durationTime_ms": 0,
      "faceCenterY": 0.0,
      "faceCenterX": 0.0,
      "rightEye": [
        -7.315991464547729,
        0.0,
        1.600918059037727,
        1.207902899940358,
        0.0,
        0.5969263982621451,
        0.5969263982621451,
        0.598054249302475,
        0.598054249302475,
        0.598054249302475,
        0.598054249302475,
        0.5969263982621451,
        0.5969263982621451,
        0.0,
        0.0,
        0.0,
        0.0,
        0.0,
        0.0,
        1,
        1.0,
        0.0,
        0.0,
        0.0,
        0
      ],
      "triggerTime_ms": 66
    },
    {
      "Name": "ProceduralFaceKeyFrame",
      "faceScaleY": 1.0477259620529815,
      "scanlineOpacity": 1.0,
      "faceScaleX": 0.9573709448335884,
      "leftEye": [
        8.107326060759803,
        0.0,
        1.6843853880089803,
        1.2711784016982324,
        0.0,
        0.5906091832553858,
        0.5906091832553858,
        0.5906091832553858,
        0.5906091832553858,
        0.5906091832553858,
        0.5906091832553858,
        0.5906091832553858,
        0.5906091832553858,
        0.0,
        0.0,
        0.0,
        0.0,
        0.0,
        0.0,
        1,
        1.0,
        0.0,
        0.0,
        0.0,
        0
      ],
      "faceAngle": 0.0,
      "durationTime_ms": 0,
      "faceCenterY": 0.0,
      "faceCenterX": 0.0,
      "rightEye": [
        -7.315991464547729,
        0.0,
        1.6843853880089803,
        1.2708647349490505,
        0.0,
        0.5906091832553858,
        0.5906091832553858,
        0.5906091832553858,
        0.5906091832553858,
        0.5906091832553858,
        0.5906091832553858,
        0.5906091832553858,
        0.5906091832553858,
        0.0,
        0.0,
        0.0,
        0.0,
        0.0,
        0.0,
        1,
        1.0,
        0.0,
        0.0,
        0.0,
        0
      ],
      "triggerTime_ms": 99
    },
    {
      "Name": "ProceduralFaceKeyFrame",
      "faceScaleY": 1.2643523710375013,
      "scanlineOpacity": 1.0,
      "faceScaleX": 0.8768068373799329,
      "leftEye": [
        8.107326060759803,
        1.0171601880672654,
        1.5174507300664741,
        1.1078888793134944,
        0.0,
        0.5805383203865736,
        0.5805383203865736,
        0.5670041079026155,
        0.5670041079026155,
        0.5670041079026155,
        0.5670041079026155,
        0.5805383203865736,
        0.5805383203865736,
        0.029274089289643257,
        0.10823385059520088,
        0.0,
        0.0,
        0.0,
        0.0,
        1,
        1.0,
        0.0,
        0.0,
        0.0,
        0
      ],
      "faceAngle": 0.0,
      "durationTime_ms": 0,
      "faceCenterY": -0.44937484481994056,
      "faceCenterX": 0.0,
      "rightEye": [
        -7.315991464547729,
        0.0,
        1.5174507300664741,
        1.144941064931666,
        0.0,
        0.5805383203865736,
        0.5805383203865736,
        0.5670041079026155,
        0.5670041079026155,
        0.5670041079026155,
        0.5670041079026155,
        0.5805383203865736,
        0.5805383203865736,
        0.028336553534862086,
        0.10823385059520088,
        0.0,
        0.0,
        0.0,
        0.0,
        1,
        1.0,
        0.0,
        0.0,
        0.0,
        0
      ],
      "triggerTime_ms": 132
    },
    {
      "Name": "ProceduralFaceKeyFrame",
      "faceScaleY": 0.9440491527799729,
      "scanlineOpacity": 1.0,
      "faceScaleX": 1.0186759500318943,
      "leftEye": [
        9.679436850638538,
        1.873445803080969,
        1.5174507300664741,
        1.0780781885395847,
        0.0,
        0.563580671666567,
        0.557171302022096,
        0.49313931905951647,
        0.4962062484687819,
        0.49313931905951647,
        0.4962062484687819,
        0.563580671666567,
        0.557171302022096,
        0.20234916632848665,
        1.0731184411714367,
        0.0,
        0.0,
        0.0,
        0.0,
        1,
        1.0,
        0.0,
        0.0,
        0.0,
        0
      ],
      "faceAngle": 0.0,
      "durationTime_ms": 0,
      "faceCenterY": 5.9305079153782,
      "faceCenterX": 0.0,
      "rightEye": [
        -7.315991464547729,
        0.0,
        1.5174507300664741,
        1.144941064931666,
        0.0,
        0.563580671666567,
        0.557171302022096,
        0.49313931905951647,
        0.4962062484687819,
        0.49313931905951647,
        0.4962062484687819,
        0.563580671666567,
        0.557171302022096,
        0.2246042164237887,
        1.0326122180908834,
        0.0,
        0.0,
        0.0,
        0.0,
        1,
        1.0,
        0.0,
        0.0,
        0.0,
        0
      ],
      "triggerTime_ms": 198
    },
    {
      "Name": "ProceduralFaceKeyFrame",
      "faceScaleY": 0.9492622713363309,
      "scanlineOpacity": 1.0,
      "faceScaleX": 1.1550776301174803,
      "leftEye": [
        9.679436850638538,
        1.9483395135827024,
        1.5174507300664741,
        1.074535732151308,
        0.0,
        0.3172182481853681,
        0.318412973837525,
        0.28238492333086285,
        0.28319976354423215,
        0.28238492333086285,
        0.28319976354423215,
        0.3172182481853681,
        0.318412973837525,
        0.29412380207741795,
        4.429590787970091,
        0.0,
        0.0,
        0.0,
        0.0,
        1,
        1.0,
        0.0,
        0.0,
        0.0,
        0
      ],
      "faceAngle": 0.0,
      "durationTime_ms": 0,
      "faceCenterY": 5.474242319710882,
      "faceCenterX": 0.0,