{
  "anim_driving_upset_loop_03": [
    {
      "Name": "ProceduralFaceKeyFrame",
      "faceScaleY": 1.0,
      "scanlineOpacity": 1.0,
      "faceScaleX": 1.0,
      "leftEye": [
        9.679436850638538,
        2.0343203761345308,
        1.5174507300664741,
        1.070468855833986,
        0.0,
        0.6,
        0.6,
        0.6,
        0.6,
        0.6,
        0.6,
        0.6,
        0.6,
        0.23870312867968124,
        1.3099068661273243,
        0.0,
        0.0,
        0.0,
        0.0,
        1,
        1.0,
        0.0,
        0.0,
        0.0,
        0
      ],
      "faceAngle": 0.0,
      "durationTime_ms": 0,
      "faceCenterY": 5.93423199211059,
      "faceCenterX": 0.0,
      "rightEye": [
        -9.81053966651529,
        0.0,
        1.5174507300664741,
        1.144941064931666,
        0.0,
        0.6,
        0.6,
        0.6,
        0.6,
        0.6,
        0.6,
        0.6,
        0.6,
        0.26080989751298855,
        1.2694006430467704,
        0.0,
        0.0,
        0.0,
        0.0,
        1,
        1.0,
        0.0,
        0.0,
        0.0,
        0
      ],
      "triggerTime_ms": 0
    },
    {
      "Name": "ProceduralFaceKeyFrame",
      "faceScaleY": 1.0,
      "scanlineOpacity": 1.0,
      "faceScaleX": 1.0,
      "leftEye": [
        9.679436850638538,
        2.0343203761345308,
        1.5174507300664741,
        1.070468855833986,
        0.0,
        0.6,
        0.6,
        0.6,
        0.6,
        0.6,
        0.6,
        0.6,
        0.6,
        0.23870312867968124,
        1.3099068661273243,
        0.0,
        0.0,
        0.0,
        0.0,
        1,
        1.0,
        0.0,
        0.0,
        0.0,
        0
      ],
      "faceAngle": 0.0,
      "durationTime_ms": 0,
      "faceCenterY": 5.93423199211059,
      "faceCenterX": 0.0,
      "rightEye": [
        -9.81053966651529,
        0.0,
        1.5174507300664741,
        1.144941064931666,
        0.0,
        0.6,
        0.6,
        0.6,
        0.6,
        0.6,
        0.6,
        0.6,
        0.6,
        0.26080989751298855,
        1.2694006430467704,
        0.0,
        0.0,
        0.0,
        0.0,
        1,
        1.0,
        0.0,
        0.0,
        0.0,
        0
      ],
      "triggerTime_ms": 396
    },
    {
      "Name": "ProceduralFaceKeyFrame",
      "faceScaleY": 1.0,
      "scanlineOpacity": 1.0,
      "faceScaleX": 1.0,
      "leftEye": [
        9.679436850638538,
        2.0343203761345308,
        1.6694452591329494,
        1.070468855833986,
        0.0,
        0.3977395350200881,
        0.3977395350200881,
        0.3779519678602119,
        0.3779519678602119,
        0.3779519678602119,
        0.3779519678602119,
        0.3977395350200881,
        0.3977395350200881,
        0.304278910199996,
        1.3099068661273243,
        0.0,
        0.0,
        0.0,
        0.0,
        1,
        1.0,
        0.0,
        0.0,
        0.0,
        0
      ],
      "faceAngle": 0.0,
      "durationTime_ms": 0,
      "faceCenterY": 5.93423199211059,
      "faceCenterX": 0.0,
      "rightEye": [
        -9.81053966651529,
        0.0,
        1.6694452591329494,
        1.144941064931666,
        0.0,
        0.3977395350200881,
        0.3977395350200881,
        0.3779519678602119,
        0.3779519678602119,
        0.3779519678602119,
        0.3779519678602119,
        0.3977395350200881,
        0.3977395350200881,
        0.3221540447283423,
        1.2694006430467704,
        0.0,
        0.0,
        0.0,
        0.0,
        1,
        1.0,
        0.0,
        0.0,
        0.0,
        0
      ],
      "triggerTime_ms": 462
    },
    {
      "Name": "ProceduralFaceKeyFrame",
      "faceScaleY": 1.0,
      "scanlineOpacity": 1.0,
      "faceScaleX": 1.0,
      "leftEye": [
        9.679436850638538,
        2.0343203761345308,
        1.5586412562494003,
        1.070468855833986,
        0.0,
        0.5893115188116482,
        0.5893115188116482,
        0.5229704861419466,
        0.5229704861419466,
        0.5229704861419466,
        0.5229704861419466,
        0.5893115188116482,
        0.5893115188116482,
        0.2564741692708662,
        1.3099068661273243,
        0.0,
        0.0,
        0.0,
        0.0,
        1,
        1.0,
        0.0,
        0.0,
        0.0,
        0
      ],
      "faceAngle": 0.0,
      "durationTime_ms": 0,
      "faceCenterY": 5.93423199211059,
      "faceCenterX": 0.0,
      "rightEye": [
        -9.81053966651529,
        0.0,
        1.5586412562494003,
        1.144941064931666,
        0.0,
        0.5893115188116482,
        0.5893115188116482,
        0.5229704861419466,
        0.5229704861419466,
        0.5229704861419466,
        0.5229704861419466,
        0.5893115188116482,
        0.5893115188116482,
        0.2774341649623664,
        1.2694006430467704,
        0.0,
        0.0,
        0.0,
        0.0,
        1,
        1.0,
        0.0,
        0.0,
        0.0,
        0
      ],
      "triggerTime_ms": 561
    },
    {
      "Name": "ProceduralFaceKeyFrame",
      "faceScaleY": 1.0,
      "scanlineOpacity": 1.0,
      "faceScaleX": 1.0,
      "leftEye": [
        9.679436850638538,
        2.0343203761345308,
        1.5174507300664741,
        1.070468855833986,
        0.0,
        0.6,
        0.6,
        0.6,
        0.6,
        0.6,
        0.6,
        0.6,
        0.6,
        0.23870312867968124,
        1.3099068661273243,
        0.0,
        0.0,
        0.0,
        0.0,
        1,
        1.0,
        0.0,
        0.0,
        0.0,
        0
      ],
      "faceAngle": 0.0,
      "durationTime_ms": 0,
      "faceCenterY": 5.93423199211059,
      "faceCenterX": 0.0,
      "rightEye": [
        -9.81053966651529,
        0.0,
        1.5174507300664741,
        1.144941064931666,
        0.0,
        0.6,
        0.6,
        0.6,
        0.6,
        0.6,
        0.6,
        0.6,
        0.6,
        0.26080989751298855,
        1.2694006430467704,
        0.0,
        0.0,
        0.0,
        0.0,
        1,
        1.0,
        0.0,
        0.0,
        0.0,
        0
      ],
      "triggerTime_ms": 726
    },
    {
      "Name": "ProceduralFaceKeyFrame",
      "faceScaleY": 1.0,
      "scanlineOpacity": 1.0,
      "faceScaleX": 1.0,
      "leftEye": [
        9.679436850638538,
        2.0343203761345308,
        1.5174507300664741,
        1.070468855833986,
        0.0,
        0.6,
        0.6,
        0.6,
        0.6,
        0.6,
        0.6,
        0.6,
        0.6,
        0.23870312867968124,
        1.3099068661273243,
        0.0,
        0.0,
        0.0,
        0.0,
        1,
        1.0,
        0.0,
        0.0,
        0.0,
        0
      ],
      "faceAngle": 0.0,
      "durationTime_ms": 0,
      "faceCenterY": 5.93423199211059,
      "faceCenterX": 0.0,
      "rightEye": [
        -9.81053966651529,
        0.0,
        1.5174507300664741,
        1.144941064931666,
        0.0,
        0.6,
        0.6,
        0.6,
        0.6,
        0.6,
        0.6,
        0.6,
        0.6,
        0.26080989751298855,
        1.2694006430467704,
        0.0,
        0.0,
        0.0,
        0.0,
        1,
        1.0,
        0.0,
        0.0,
        0.0,
        0
      ],
      "triggerTime_ms": 1485
    },
    {
      "Name": "ProceduralFaceKeyFrame",
      "faceScaleY": 1.0,
      "scanlineOpacity": 1.0,
      "faceScaleX": 1.0,