{
  "anim_inspectheldcube_loop_04": [
    {
      "Name": "ProceduralFaceKeyFrame",
      "faceScaleY": 1.0,
      "scanlineOpacity": 1.0,
      "faceScaleX": 1.0,
      "leftEye": [
        10.08392090459624,
        1.3474360213743992,
        1.4948910538681983,
        1.128298803311329,
        0.0,
        0.6,
        0.6,
        0.6,
        0.6,
        0.6,
        0.6,
        0.6,
        0.6,
        0.0,
        0.0,
        0.0,
        0.0,
        0.0,
        0.0,
        1,
        1.0,
        0.0,
        0.0,
        0.0,
        0
      ],
      "faceAngle": 0.0,
      "durationTime_ms": 0,
      "faceCenterY": -0.3703772520172588,
      "faceCenterX": 0.0,
      "rightEye": [
        -9.406900555456815,
        0.0,
        1.5632232863456559,
        1.1794686360411775,
        0.0,
        0.6,
        0.6,
        0.6,
        0.6,
        0.6,
        0.6,
        0.6,
        0.6,
        0.0,
        0.0,
        0.0,
        0.0,
        0.0,
        0.0,
        1,
        1.0,
        0.0,
        0.0,
        0.0,
        0
      ],
      "triggerTime_ms": 0
    },
    {
      "Name": "ProceduralFaceKeyFrame",
      "faceScaleY": 0.975156464141946,
      "scanlineOpacity": 1.0,
      "faceScaleX": 1.0132323544118502,
      "leftEye": [
        10.294009579284193,
        1.3474360213743992,
        1.4948910538681983,
        1.128298803311329,
        0.0,
        0.6,
        0.6,
        0.6,
        0.6,
        0.6,
        0.6,
        0.6,
        0.6,
        0.0,
        0.0,
        0.0,
        0.0,
        0.0,
        0.0,
        1,
        1.0,
        0.0,
        -0.15900918565013056,
        0.0,
        0
      ],
      "faceAngle": 0.0,
      "durationTime_ms": 0,
      "faceCenterY": 0.1715867848195245,
      "faceCenterX": -0.322942036447472,
      "rightEye": [
        -10.06162185750302,
        0.0,
        1.5632232863456559,
        1.1794686360411775,
        0.0,
        0.6,
        0.6,
        0.6,
        0.6,
        0.6,
        0.6,
        0.6,
        0.6,
        0.0,
        0.0,
        0.0,
        0.0,
        0.0,
        0.0,
        1,
        1.0,
        0.0,
        -0.15205851344942656,
        0.0,
        0
      ],
      "triggerTime_ms": 33
    },
    {
      "Name": "ProceduralFaceKeyFrame",
      "faceScaleY": 1.010240803714436,
      "scanlineOpacity": 1.0,
      "faceScaleX": 0.9939130501874923,
      "leftEye": [
        10.812625885729474,
        0.3415385750518922,
        1.5198692655745152,
        1.147132489675641,
        0.0,
        0.6,
        0.6,
        0.6,
        0.6,
        0.6,
        0.6,
        0.6,
        0.6,
        0.0,
        0.0,
        0.0,
        0.0,
        0.0,
        0.0,
        1,
        1.0,
        0.0,
        -0.20468193165622994,
        0.0,
        0
      ],
      "faceAngle": 0.0,
      "durationTime_ms": 0,
      "faceCenterY": -0.43840930372995923,
      "faceCenterX": -1.8356254380120305,
      "rightEye": [
        -10.230007740964503,
        0.48111752068470537,
        1.5286208222708706,
        1.1533669905132469,
        0.0,
        0.6,
        0.6,
        0.6,
        0.6,
        0.6,
        0.6,
        0.6,
        0.6,
        0.0,
        0.0,
        0.0,
        0.0,
        0.0,
        0.0,
        1,
        1.0,
        0.0,
        -0.1957347943790182,
        0.0,
        0
      ],
      "triggerTime_ms": 66
    },
    {
      "Name": "ProceduralFaceKeyFrame",
      "faceScaleY": 1.0289069792924692,
      "scanlineOpacity": 1.0,
      "faceScaleX": 0.9841873051993496,
      "leftEye": [
        10.918510577772203,
        0.05589801970170072,
        1.5269622254876074,
        1.1524806140317185,
        0.0,
        0.6,
        0.6,
        0.6,
        0.6,
        0.6,
        0.6,
        0.6,
        0.6,
        0.0,
        0.0,
        0.0,
        0.0,
        0.0,
        0.0,
        1,
        1.0,
        0.0,
        -0.21072263016136772,
        0.0,
        0
      ],
      "faceAngle": 0.0,
      "durationTime_ms": 0,
      "faceCenterY": -0.7499213563082661,
      "faceCenterX": -2.2341569499190967,
      "rightEye": [
        -10.115112568057803,
        0.6177384816976925,
        1.518794903047255,
        1.1459550137243513,
        0.0,
        0.6,
        0.6,
        0.6,
        0.6,
        0.6,
        0.6,
        0.6,
        0.6,
        0.0,
        0.0,
        0.0,
        0.0,
        0.0,
        0.0,
        1,
        1.0,
        0.0,
        -0.2015114394900025,
        0.0,
        0
      ],
      "triggerTime_ms": 99
    },
    {
      "Name": "ProceduralFaceKeyFrame",
      "faceScaleY": 1.0320183738585127,
      "scanlineOpacity": 1.0,
      "faceScaleX": 0.9826404188414742,
      "leftEye": [
        10.695171219778643,
        0.0,
        1.528460309467484,
        1.1536101762340143,
        0.0,
        0.6,
        0.6,
        0.6,
        0.6,
        0.6,
        0.6,
        0.6,
        0.6,
        0.0,
        0.0,
        0.0,
        0.0,
        0.0,
        0.0,
        1,
        1.0,
        0.0,
        -0.21175978123733574,
        0.0,
        0
      ],
      "faceAngle": 0.0,
      "durationTime_ms": 0,
      "faceCenterY": -0.810126764291805,
      "faceCenterX": -2.3008984773572365,
      "rightEye": [
        -9.582751408157336,
        0.6465938080377214,
        1.5167195984696429,
        1.1443895510934168,
        0.0,
        0.6,
        0.6,
        0.6,
        0.6,
        0.6,
        0.6,
        0.6,
        0.6,
        0.0,
        0.0,
        0.0,
        0.0,
        0.0,
        0.0,
        1,
        1.0,
        0.0,
        -0.20250325420931792,
        0.0,
        0
      ],
      "triggerTime_ms": 132
    },
    {
      "Name": "ProceduralFaceKeyFrame",
      "faceScaleY": 1.015430343473096,
      "scanlineOpacity": 1.0,
      "faceScaleX": 0.9870984593867407,
      "leftEye": [
        10.08392090459624,
        0.0,
        1.528460309467484,
        1.1536101762340143,
        0.0,
        0.6,
        0.6,
        0.6,
        0.6,
        0.6,
        0.6,
        0.6,
        0.6,
        0.0,
        0.0,
        0.0,
        0.0,
        0.0,
        0.0,
        1,
        1.0,
        0.0,
        -0.21175978123733574,
        0.0,
        0
      ],
      "faceAngle": 0.0,
      "durationTime_ms": 0,
      "faceCenterY": -0.7470362502464459,
      "faceCenterX": -2.2345029398317138,
      "rightEye": [
        -9.406900555456815,
        0.6465938080377214,
        1.5167195984696429,
        1.1443895510934168,
        0.0,
        0.6,
        0.6,
        0.6,
        0.6,
        0.6,
        0.6,
        0.6,
        0.6,
        0.0,
        0.0,
        0.0,
        0.0,
        0.0,
        0.0,
        1,
        1.0,
        0.0,
        -0.20250325420931792,
        0.0,
        0
      ],
      "triggerTime_ms": 198
    },
    {
      "Name": "ProceduralFaceKeyFrame",
      "faceScaleY": 1.0091068167490198,
      "scanlineOpacity": 1.0,
      "faceScaleX": 0.9884412426835076,
      "leftEye": [
        10.021039511877923,
        0.0,
        1.528460309467484,
        1.1536101762340143,
        0.0,
        0.6,
        0.6,
        0.6,
        0.6,
        0.6,
        0.6,
        0.6,
        0.6,
        0.0,
        0.0,
        0.0,
        0.0,
        0.0,
        0.0,
        1,
        1.0,
        0.0,
        -0.21175978123733574,
        0.0,
        0
      ],
      "faceAngle": 0.0,
      "durationTime_ms": 0,
      "faceCenterY": -0.7290992200970831,
      "faceCenterX": -2.2234737815428502,