{
  "anim_laser_drive_01": [
    {
      "angleVariability_deg": 0,
      "angle_deg": -22,
      "triggerTime_ms": 0,
      "Name": "HeadAngleKeyFrame",
      "durationTime_ms": 132
    },
    {
      "Name": "ProceduralFaceKeyFrame",
      "faceScaleY": 1.0,
      "scanlineOpacity": 1.0,
      "faceScaleX": 1.0,
      "leftEye": [
        8.107326060759803,
        0.0,
        1.5174507300664741,
        1.1453089027930028,
        0.0,
        0.6,
        0.6,
        1.0275731115067799,
        1.0275731115067799,
        1.0275731115067799,
        1.0275731115067799,
        0.6,
        0.6,
        0.10701545972999571,
        0.0,
        0.0,
        0.38049941237331797,
        4.583662361046587,
        0.0,
        1,
        0.0,
        0.0,
        0,
        0,
        0
      ],
      "faceAngle": 0.0,
      "durationTime_ms": 0,
      "faceCenterY": 38.66419069850717,
      "faceCenterX": 0.0,
      "rightEye": [
        -7.315991464547729,
        0.0,
        1.5174507300664741,
        1.144941064931666,
        0.0,
        0.6,
        0.6,
        1.0275731115067799,
        1.0275731115067799,
        1.0275731115067799,
        1.0275731115067799,
        0.6,
        0.6,
        0.11564325019460653,
        0.0,
        0.0,
        0.38049941237331797,
        4.583662361046587,
        0.0,
        1,
        0.0,
        0.0,
        0,
        0,
        0
      ],
      "triggerTime_ms": 0
    },
    {
      "Name": "ProceduralFaceKeyFrame",
      "faceScaleY": 1.0,
      "scanlineOpacity": 1.0,
      "faceScaleX": 1.0,
      "leftEye": [
        8.107326060759803,
        0.0,
        1.5174507300664741,
        1.1453089027930028,
        0.0,
        0.6,
        0.6,
        0.7295191818276148,
        0.7295191818276148,
        0.7295191818276148,
        0.7295191818276148,
        0.6,
        0.6,
        0.10739312573466786,
        0.0,
        0.0,
        0.368507345547448,
        0.0,
        0.0,
        1,
        0.0,
        0.0,
        0,
        0,
        0
      ],
      "faceAngle": 0.0,
      "durationTime_ms": 0,
      "faceCenterY": 38.66419069850717,
      "faceCenterX": 0.0,
      "rightEye": [
        -7.315991464547729,
        0.0,
        1.5174507300664741,
        1.144941064931666,
        0.0,
        0.6,
        0.6,
        0.7295191818276148,
        0.7295191818276148,
        0.7295191818276148,
        0.7295191818276148,
        0.6,
        0.6,
        0.10739312573466786,
        0.0,
        0.0,
        0.368507345547448,
        0.0,
        0.0,
        1,
        0.0,
        0.0,
        0,
        0,
        0
      ],
      "triggerTime_ms": 66
    },
    {
      "Name": "ProceduralFaceKeyFrame",
      "faceScaleY": 1.0,
      "scanlineOpacity": 1.0,
      "faceScaleX": 1.0632071113338166,
      "leftEye": [
        10.811622488894244,
        0.0,
        1.3456994658425323,
        1.1453089027930028,
        0.0,
        0.6,
        0.6,
        1.0275731115067799,
        1.0275731115067799,
        1.0275731115067799,
        1.0275731115067799,
        0.6,
        0.6,
        0.2067093101357479,
        5.124129686251219,
        0.0,
        0.4769804256821669,
        4.583662361046587,
        0.0,
        1,
        0.0,
        0.0,
        0,
        0,
        0
      ],
      "faceAngle": 0.0,
      "durationTime_ms": 0,
      "faceCenterY": 44.080574365774254,
      "faceCenterX": -0.8552898952022758,
      "rightEye": [
        -7.315991464547729,
        0.0,
        1.5487658257651904,
        1.144941064931666,
        0.0,
        0.6,
        0.6,
        1.0275731115067799,
        1.0275731115067799,
        0.883543508662255,
        0.883543508662255,
        0.6,
        0.6,
        0.18582738019351486,
        7.019285034631149,
        0.0,
        0.4769675815199872,
        4.583662361046587,
        0.0,
        1,
        0.0,
        0.0,
        0,
        0,
        0
      ],
      "triggerTime_ms": 132
    },
    {
      "Name": "ProceduralFaceKeyFrame",
      "faceScaleY": 1.0,
      "scanlineOpacity": 1.0,
      "faceScaleX": 1.024185406240537,
      "leftEye": [
        10.376491938044659,
        0.0,
        1.4583854583592224,
        1.1453089027930028,
        0.0,
        0.6,
        0.6,
        1.0275731115067799,
        1.0275731115067799,
        1.0275731115067799,
        1.0275731115067799,
        0.6,
        0.6,
        0.17130613142839413,
        -4.5992612921463465,
        0.0,
        0.4174166587421575,
        4.583662361046587,
        0.0,
        1,
        0.0,
        0.0,
        0,
        0,
        0
      ],
      "faceAngle": 0.0,
      "durationTime_ms": 0,
      "faceCenterY": 43.734492389641936,
      "faceCenterX": 2.7546266560431123,
      "rightEye": [
        -7.315991464547729,
        0.0,
        1.5765890911715386,
        1.144941064931666,
        0.0,
        0.6,
        0.6,
        1.0275731115067799,
        1.0275731115067799,
        0.7555741129213042,
        0.7555741129213042,
        0.6,
        0.6,
        0.09840130987507856,
        8.366121571755718,
        0.0,
        0.41741174408503134,
        4.583662361046587,
        0.0,
        1,
        0.0,
        0.0,
        0,
        0,
        0
      ],
      "triggerTime_ms": 198
    },
    {
      "Name": "ProceduralFaceKeyFrame",
      "faceScaleY": 1.0,
      "scanlineOpacity": 1.0,
      "faceScaleX": 1.0034610857943782,
      "leftEye": [
        10.177703489706289,
        0.0,
        1.509770900154296,
        1.1453089027930028,
        0.0,
        0.6,
        0.6,
        1.0275731115067799,
        1.0275731115067799,
        1.0275731115067799,
        1.0275731115067799,
        0.6,
        0.6,
        0.1590424135626055,
        -6.602625649486467,
        0.0,
        0.3857825056846361,
        4.583662361046587,
        0.0,
        1,
        0.0,
        0.0,
        0,
        0,
        0
      ],
      "faceAngle": 0.0,
      "durationTime_ms": 0,
      "faceCenterY": 41.93359361633707,
      "faceCenterX": 3.670225841228114,
      "rightEye": [
        -7.315991464547729,
        0.0,
        1.5859941107632984,
        1.144941064931666,
        0.0,
        0.6,
        0.6,
        1.0275731115067799,
        1.0275731115067799,
        0.7123169807332264,
        0.7123169807332264,
        0.6,
        0.6,
        0.05826343880675722,
        8.51197096683245,
        0.0,
        0.3857818024399967,
        4.583662361046587,
        0.0,
        1,
        0.0,
        0.0,
        0,
        0,
        0
      ],
      "triggerTime_ms": 264
    },
    {
      "Name": "ProceduralFaceKeyFrame",
      "faceScaleY": 1.0,
      "scanlineOpacity": 1.0,
      "faceScaleX": 1.0,
      "leftEye": [
        10.147948000019248,
        0.0,
        1.5174507300664741,
        1.1453089027930028,
        0.0,
        0.6,
        0.6,
        1.0275731115067799,
        1.0275731115067799,
        1.0275731115067799,
        1.0275731115067799,
        0.6,
        0.6,
        0.15769119871084414,
        -6.669267310792135,
        0.0,
        0.38049941237331797,
        4.583662361046587,
        0.0,
        1,
        0.0,
        0.0,
        0,
        0,
        0
      ],
      "faceAngle": 0.0,
      "durationTime_ms": 0,
      "faceCenterY": 41.33634593224585,
      "faceCenterX": 3.6861995851516296,
      "rightEye": [
        -7.315991464547729,
        0.0,
        1.5869922805071828,
        1.144941064931666,
        0.0,
        0.6,
        0.6,
        1.0275731115067799,
        1.0275731115067799,
        0.7077260324005081,
        0.7077260324005081,
        0.6,
        0.6,
        0.04421518393284474,
        8.563018255109306,
        0.0,
        0.38049941237331797,
        4.583662361046587,
        0.0,
        1,
        0.0,
        0.0,
        0,
        0,
        0
      ],